ds,y,yhat,forecast_hour,forecast_day,model,lookback,window,origin_utc
2026-09-03 04:00:00+00:00,80.0,68.7710843373494,1,1,month_hour,all,audit_2026,2026-09-03T04:00:00+00:00
2026-09-03 05:00:00+00:00,78.0,68.05421686746988,2,1,month_hour,all,audit_2026,2026-09-03T04:00:00+00:00
2026-09-03 06:00:00+00:00,77.0,67.39156626506023,3,1,month_hour,all,audit_2026,2026-09-03T04:00:00+00:00
2026-09-03 07:00:00+00:00,76.0,66.8644578313253,4,1,month_hour,all,audit_2026,2026-09-03T04:00:00+00:00
2026-09-03 08:00:00+00:00,77.0,66.43072289156626,5,1,month_hour,all,audit_2026,2026-09-03T04:00:00+00:00
2026-09-03 09:00:00+00:00,77.0,66.06344410876133,6,1,month_hour,all,audit_2026,2026-09-03T04:00:00+00:00
2026-09-03 10:00:00+00:00,77.0,65.8132530120482,7,1,month_hour,all,audit_2026,2026-09-03T04:00:00+00:00
2026-09-03 11:00:00+00:00,79.0,67.13855421686748,8,1,month_hour,all,audit_2026,2026-09-03T04:00:00+00:00
2026-09-03 12:00:00+00:00,82.0,70.29819277108433,9,1,month_hour,all,audit_2026,2026-09-03T04:00:00+00:00
2026-09-03 13:00:00+00:00,87.0,73.42530120481928,10,1,month_hour,all,audit_2026,2026-09-03T04:00:00+00:00
2026-09-03 14:00:00+00:00,91.0,76.20241691842901,11,1,month_hour,all,audit_2026,2026-09-03T04:00:00+00:00
2026-09-03 15:00:00+00:00,95.0,78.43975903614458,12,1,month_hour,all,audit_2026,2026-09-03T04:00:00+00:00
2026-09-03 16:00:00+00:00,96.0,80.05421686746988,13,1,month_hour,all,audit_2026,2026-09-03T04:00:00+00:00
2026-09-03 17:00:00+00:00,101.0,81.21987951807229,14,1,month_hour,all,audit_2026,2026-09-03T04:00:00+00:00
2026-09-03 18:00:00+00:00,97.0,81.76969696969697,15,1,month_hour,all,audit_2026,2026-09-03T04:00:00+00:00
2026-09-03 19:00:00+00:00,100.0,81.87349397590361,16,1,month_hour,all,audit_2026,2026-09-03T04:00:00+00:00
2026-09-03 20:00:00+00:00,97.0,81.33734939759036,17,1,month_hour,all,audit_2026,2026-09-03T04:00:00+00:00
2026-09-03 21:00:00+00:00,95.0,80.12951807228916,18,1,month_hour,all,audit_2026,2026-09-03T04:00:00+00:00
2026-09-03 22:00:00+00:00,84.0,77.53614457831326,19,1,month_hour,all,audit_2026,2026-09-03T04:00:00+00:00
2026-09-03 23:00:00+00:00,83.0,74.20180722891567,20,1,month_hour,all,audit_2026,2026-09-03T04:00:00+00:00
2026-09-04 00:00:00+00:00,84.0,72.64264264264264,21,1,month_hour,all,audit_2026,2026-09-03T04:00:00+00:00
2026-09-04 01:00:00+00:00,83.0,71.41867469879519,22,1,month_hour,all,audit_2026,2026-09-03T04:00:00+00:00
2026-09-04 02:00:00+00:00,85.0,70.3903903903904,23,1,month_hour,all,audit_2026,2026-09-03T04:00:00+00:00
2026-09-04 03:00:00+00:00,83.0,69.59214501510574,24,1,month_hour,all,audit_2026,2026-09-03T04:00:00+00:00
2026-09-04 04:00:00+00:00,81.0,68.7710843373494,25,2,month_hour,all,audit_2026,2026-09-03T04:00:00+00:00
2026-09-04 05:00:00+00:00,80.0,68.05421686746988,26,2,month_hour,all,audit_2026,2026-09-03T04:00:00+00:00
2026-09-04 06:00:00+00:00,79.0,67.39156626506023,27,2,month_hour,all,audit_2026,2026-09-03T04:00:00+00:00
2026-09-04 07:00:00+00:00,78.0,66.8644578313253,28,2,month_hour,all,audit_2026,2026-09-03T04:00:00+00:00
2026-09-04 08:00:00+00:00,77.0,66.43072289156626,29,2,month_hour,all,audit_2026,2026-09-03T04:00:00+00:00
2026-09-04 09:00:00+00:00,77.0,66.06344410876133,30,2,month_hour,all,audit_2026,2026-09-03T04:00:00+00:00
2026-09-04 10:00:00+00:00,76.0,65.8132530120482,31,2,month_hour,all,audit_2026,2026-09-03T04:00:00+00:00
2026-09-04 11:00:00+00:00,78.0,67.13855421686748,32,2,month_hour,all,audit_2026,2026-09-03T04:00:00+00:00
2026-09-04 12:00:00+00:00,81.0,70.29819277108433,33,2,month_hour,all,audit_2026,2026-09-03T04:00:00+00:00
2026-09-04 13:00:00+00:00,85.0,73.42530120481928,34,2,month_hour,all,audit_2026,2026-09-03T04:00:00+00:00
2026-09-04 14:00:00+00:00,89.0,76.20241691842901,35,2,month_hour,all,audit_2026,2026-09-03T04:00:00+00:00
2026-09-04 15:00:00+00:00,92.0,78.43975903614458,36,2,month_hour,all,audit_2026,2026-09-03T04:00:00+00:00
2026-09-04 16:00:00+00:00,94.0,80.05421686746988,37,2,month_hour,all,audit_2026,2026-09-03T04:00:00+00:00
2026-09-04 17:00:00+00:00,97.0,81.21987951807229,38,2,month_hour,all,audit_2026,2026-09-03T04:00:00+00:00
2026-09-04 18:00:00+00:00,99.0,81.76969696969697,39,2,month_hour,all,audit_2026,2026-09-03T04:00:00+00:00
2026-09-04 19:00:00+00:00,98.0,81.87349397590361,40,2,month_hour,all,audit_2026,2026-09-03T04:00:00+00:00
2026-09-04 20:00:00+00:00,97.0,81.33734939759036,41,2,month_hour,all,audit_2026,2026-09-03T04:00:00+00:00
2026-09-04 21:00:00+00:00,93.0,80.12951807228916,42,2,month_hour,all,audit_2026,2026-09-03T04:00:00+00:00
2026-09-04 22:00:00+00:00,91.0,77.53614457831326,43,2,month_hour,all,audit_2026,2026-09-03T04:00:00+00:00
2026-09-04 23:00:00+00:00,91.0,74.20180722891567,44,2,month_hour,all,audit_2026,2026-09-03T04:00:00+00:00
2026-09-05 00:00:00+00:00,85.0,72.64264264264264,45,2,month_hour,all,audit_2026,2026-09-03T04:00:00+00:00
2026-09-05 01:00:00+00:00,85.0,71.41867469879519,46,2,month_hour,all,audit_2026,2026-09-03T04:00:00+00:00
2026-09-05 02:00:00+00:00,79.0,70.3903903903904,47,2,month_hour,all,audit_2026,2026-09-03T04:00:00+00:00
2026-09-05 03:00:00+00:00,77.0,69.59214501510574,48,2,month_hour,all,audit_2026,2026-09-03T04:00:00+00:00
2026-09-05 04:00:00+00:00,78.0,68.7710843373494,49,3,month_hour,all,audit_2026,2026-09-03T04:00:00+00:00
2026-09-05 05:00:00+00:00,77.0,68.05421686746988,50,3,month_hour,all,audit_2026,2026-09-03T04:00:00+00:00
2026-09-05 06:00:00+00:00,77.0,67.39156626506023,51,3,month_hour,all,audit_2026,2026-09-03T04:00:00+00:00
2026-09-05 07:00:00+00:00,76.0,66.8644578313253,52,3,month_hour,all,audit_2026,2026-09-03T04:00:00+00:00
2026-09-05 08:00:00+00:00,76.0,66.43072289156626,53,3,month_hour,all,audit_2026,2026-09-03T04:00:00+00:00
2026-09-05 09:00:00+00:00,76.0,66.06344410876133,54,3,month_hour,all,audit_2026,2026-09-03T04:00:00+00:00
2026-09-05 10:00:00+00:00,74.0,65.8132530120482,55,3,month_hour,all,audit_2026,2026-09-03T04:00:00+00:00
2026-09-05 11:00:00+00:00,76.0,67.13855421686748,56,3,month_hour,all,audit_2026,2026-09-03T04:00:00+00:00
2026-09-05 12:00:00+00:00,80.0,70.29819277108433,57,3,month_hour,all,audit_2026,2026-09-03T04:00:00+00:00
2026-09-05 13:00:00+00:00,84.0,73.42530120481928,58,3,month_hour,all,audit_2026,2026-09-03T04:00:00+00:00
2026-09-05 14:00:00+00:00,89.0,76.20241691842901,59,3,month_hour,all,audit_2026,2026-09-03T04:00:00+00:00
2026-09-05 15:00:00+00:00,92.0,78.43975903614458,60,3,month_hour,all,audit_2026,2026-09-03T04:00:00+00:00
2026-09-05 16:00:00+00:00,94.0,80.05421686746988,61,3,month_hour,all,audit_2026,2026-09-03T04:00:00+00:00
2026-09-05 17:00:00+00:00,95.0,81.21987951807229,62,3,month_hour,all,audit_2026,2026-09-03T04:00:00+00:00
2026-09-05 18:00:00+00:00,96.0,81.76969696969697,63,3,month_hour,all,audit_2026,2026-09-03T04:00:00+00:00
2026-09-05 19:00:00+00:00,77.0,81.87349397590361,64,3,month_hour,all,audit_2026,2026-09-03T04:00:00+00:00
2026-09-05 20:00:00+00:00,76.0,81.33734939759036,65,3,month_hour,all,audit_2026,2026-09-03T04:00:00+00:00
2026-09-05 21:00:00+00:00,77.0,80.12951807228916,66,3,month_hour,all,audit_2026,2026-09-03T04:00:00+00:00
2026-09-05 22:00:00+00:00,78.0,77.53614457831326,67,3,month_hour,all,audit_2026,2026-09-03T04:00:00+00:00
2026-09-05 23:00:00+00:00,78.0,74.20180722891567,68,3,month_hour,all,audit_2026,2026-09-03T04:00:00+00:00
2026-09-06 00:00:00+00:00,76.0,72.64264264264264,69,3,month_hour,all,audit_2026,2026-09-03T04:00:00+00:00
2026-09-06 01:00:00+00:00,75.0,71.41867469879519,70,3,month_hour,all,audit_2026,2026-09-03T04:00:00+00:00
2026-09-06 02:00:00+00:00,77.0,70.3903903903904,71,3,month_hour,all,audit_2026,2026-09-03T04:00:00+00:00
2026-09-06 03:00:00+00:00,76.0,69.59214501510574,72,3,month_hour,all,audit_2026,2026-09-03T04:00:00+00:00
2026-09-06 04:00:00+00:00,75.0,68.7710843373494,73,4,month_hour,all,audit_2026,2026-09-03T04:00:00+00:00
2026-09-06 05:00:00+00:00,73.0,68.05421686746988,74,4,month_hour,all,audit_2026,2026-09-03T04:00:00+00:00
2026-09-06 06:00:00+00:00,71.0,67.39156626506023,75,4,month_hour,all,audit_2026,2026-09-03T04:00:00+00:00
2026-09-06 07:00:00+00:00,73.0,66.8644578313253,76,4,month_hour,all,audit_2026,2026-09-03T04:00:00+00:00
2026-09-06 08:00:00+00:00,73.0,66.43072289156626,77,4,month_hour,all,audit_2026,2026-09-03T04:00:00+00:00
2026-09-06 09:00:00+00:00,73.0,66.06344410876133,78,4,month_hour,all,audit_2026,2026-09-03T04:00:00+00:00
2026-09-06 10:00:00+00:00,73.0,65.8132530120482,79,4,month_hour,all,audit_2026,2026-09-03T04:00:00+00:00
2026-09-06 11:00:00+00:00,73.0,67.13855421686748,80,4,month_hour,all,audit_2026,2026-09-03T04:00:00+00:00
2026-09-06 12:00:00+00:00,76.0,70.29819277108433,81,4,month_hour,all,audit_2026,2026-09-03T04:00:00+00:00
2026-09-06 13:00:00+00:00,79.0,73.42530120481928,82,4,month_hour,all,audit_2026,2026-09-03T04:00:00+00:00
2026-09-06 14:00:00+00:00,81.0,76.20241691842901,83,4,month_hour,all,audit_2026,2026-09-03T04:00:00+00:00
2026-09-06 15:00:00+00:00,80.0,78.43975903614458,84,4,month_hour,all,audit_2026,2026-09-03T04:00:00+00:00
2026-09-06 16:00:00+00:00,81.0,80.05421686746988,85,4,month_hour,all,audit_2026,2026-09-03T04:00:00+00:00
2026-09-06 17:00:00+00:00,81.0,81.21987951807229,86,4,month_hour,all,audit_2026,2026-09-03T04:00:00+00:00
2026-09-06 18:00:00+00:00,81.0,81.76969696969697,87,4,month_hour,all,audit_2026,2026-09-03T04:00:00+00:00
2026-09-06 19:00:00+00:00,79.0,81.87349397590361,88,4,month_hour,all,audit_2026,2026-09-03T04:00:00+00:00
2026-09-06 20:00:00+00:00,80.0,81.33734939759036,89,4,month_hour,all,audit_2026,2026-09-03T04:00:00+00:00
2026-09-06 21:00:00+00:00,79.0,80.12951807228916,90,4,month_hour,all,audit_2026,2026-09-03T04:00:00+00:00
2026-09-06 22:00:00+00:00,78.0,77.53614457831326,91,4,month_hour,all,audit_2026,2026-09-03T04:00:00+00:00
2026-09-06 23:00:00+00:00,76.0,74.20180722891567,92,4,month_hour,all,audit_2026,2026-09-03T04:00:00+00:00
2026-09-07 00:00:00+00:00,74.0,72.64264264264264,93,4,month_hour,all,audit_2026,2026-09-03T04:00:00+00:00
2026-09-07 01:00:00+00:00,74.0,71.41867469879519,94,4,month_hour,all,audit_2026,2026-09-03T04:00:00+00:00
2026-09-07 02:00:00+00:00,72.0,70.3903903903904,95,4,month_hour,all,audit_2026,2026-09-03T04:00:00+00:00
2026-09-07 03:00:00+00:00,71.0,69.59214501510574,96,4,month_hour,all,audit_2026,2026-09-03T04:00:00+00:00
2026-09-07 04:00:00+00:00,70.0,68.7710843373494,97,5,month_hour,all,audit_2026,2026-09-03T04:00:00+00:00
2026-09-07 05:00:00+00:00,70.0,68.05421686746988,98,5,month_hour,all,audit_2026,2026-09-03T04:00:00+00:00
2026-09-07 06:00:00+00:00,71.0,67.39156626506023,99,5,month_hour,all,audit_2026,2026-09-03T04:00:00+00:00
2026-09-07 07:00:00+00:00,70.0,66.8644578313253,100,5,month_hour,all,audit_2026,2026-09-03T04:00:00+00:00
2026-09-07 08:00:00+00:00,68.0,66.43072289156626,101,5,month_hour,all,audit_2026,2026-09-03T04:00:00+00:00
2026-09-07 09:00:00+00:00,65.0,66.06344410876133,102,5,month_hour,all,audit_2026,2026-09-03T04:00:00+00:00
2026-09-07 10:00:00+00:00,64.0,65.8132530120482,103,5,month_hour,all,audit_2026,2026-09-03T04:00:00+00:00
2026-09-07 11:00:00+00:00,68.0,67.13855421686748,104,5,month_hour,all,audit_2026,2026-09-03T04:00:00+00:00
2026-09-07 12:00:00+00:00,72.0,70.29819277108433,105,5,month_hour,all,audit_2026,2026-09-03T04:00:00+00:00
2026-09-07 13:00:00+00:00,77.0,73.42530120481928,106,5,month_hour,all,audit_2026,2026-09-03T04:00:00+00:00
2026-09-07 14:00:00+00:00,80.0,76.20241691842901,107,5,month_hour,all,audit_2026,2026-09-03T04:00:00+00:00
2026-09-07 15:00:00+00:00,82.0,78.43975903614458,108,5,month_hour,all,audit_2026,2026-09-03T04:00:00+00:00
2026-09-07 16:00:00+00:00,83.0,80.05421686746988,109,5,month_hour,all,audit_2026,2026-09-03T04:00:00+00:00
2026-09-07 17:00:00+00:00,85.0,81.21987951807229,110,5,month_hour,all,audit_2026,2026-09-03T04:00:00+00:00
2026-09-07 18:00:00+00:00,86.0,81.76969696969697,111,5,month_hour,all,audit_2026,2026-09-03T04:00:00+00:00
2026-09-07 19:00:00+00:00,85.0,81.87349397590361,112,5,month_hour,all,audit_2026,2026-09-03T04:00:00+00:00
2026-09-07 20:00:00+00:00,84.0,81.33734939759036,113,5,month_hour,all,audit_2026,2026-09-03T04:00:00+00:00
2026-09-07 21:00:00+00:00,85.0,80.12951807228916,114,5,month_hour,all,audit_2026,2026-09-03T04:00:00+00:00
2026-09-07 22:00:00+00:00,82.0,77.53614457831326,115,5,month_hour,all,audit_2026,2026-09-03T04:00:00+00:00
2026-09-07 23:00:00+00:00,78.0,74.20180722891567,116,5,month_hour,all,audit_2026,2026-09-03T04:00:00+00:00
2026-09-08 00:00:00+00:00,75.0,72.64264264264264,117,5,month_hour,all,audit_2026,2026-09-03T04:00:00+00:00
2026-09-08 01:00:00+00:00,74.0,71.41867469879519,118,5,month_hour,all,audit_2026,2026-09-03T04:00:00+00:00
2026-09-08 02:00:00+00:00,73.0,70.3903903903904,119,5,month_hour,all,audit_2026,2026-09-03T04:00:00+00:00
2026-09-08 03:00:00+00:00,71.0,69.59214501510574,120,5,month_hour,all,audit_2026,2026-09-03T04:00:00+00:00
2026-09-08 04:00:00+00:00,70.0,68.7710843373494,121,6,month_hour,all,audit_2026,2026-09-03T04:00:00+00:00
2026-09-08 05:00:00+00:00,69.0,68.05421686746988,122,6,month_hour,all,audit_2026,2026-09-03T04:00:00+00:00
2026-09-08 06:00:00+00:00,69.0,67.39156626506023,123,6,month_hour,all,audit_2026,2026-09-03T04:00:00+00:00
2026-09-08 07:00:00+00:00,66.0,66.8644578313253,124,6,month_hour,all,audit_2026,2026-09-03T04:00:00+00:00
2026-09-08 08:00:00+00:00,64.0,66.43072289156626,125,6,month_hour,all,audit_2026,2026-09-03T04:00:00+00:00
2026-09-08 09:00:00+00:00,63.0,66.06344410876133,126,6,month_hour,all,audit_2026,2026-09-03T04:00:00+00:00
2026-09-08 10:00:00+00:00,62.0,65.8132530120482,127,6,month_hour,all,audit_2026,2026-09-03T04:00:00+00:00
2026-09-08 11:00:00+00:00,66.0,67.13855421686748,128,6,month_hour,all,audit_2026,2026-09-03T04:00:00+00:00
2026-09-08 12:00:00+00:00,72.0,70.29819277108433,129,6,month_hour,all,audit_2026,2026-09-03T04:00:00+00:00
2026-09-08 13:00:00+00:00,75.0,73.42530120481928,130,6,month_hour,all,audit_2026,2026-09-03T04:00:00+00:00
2026-09-08 14:00:00+00:00,79.0,76.20241691842901,131,6,month_hour,all,audit_2026,2026-09-03T04:00:00+00:00
2026-09-08 15:00:00+00:00,81.0,78.43975903614458,132,6,month_hour,all,audit_2026,2026-09-03T04:00:00+00:00
2026-09-08 16:00:00+00:00,83.0,80.05421686746988,133,6,month_hour,all,audit_2026,2026-09-03T04:00:00+00:00
2026-09-08 17:00:00+00:00,82.0,81.21987951807229,134,6,month_hour,all,audit_2026,2026-09-03T04:00:00+00:00
2026-09-08 18:00:00+00:00,85.0,81.76969696969697,135,6,month_hour,all,audit_2026,2026-09-03T04:00:00+00:00
2026-09-08 19:00:00+00:00,86.0,81.87349397590361,136,6,month_hour,all,audit_2026,2026-09-03T04:00:00+00:00
2026-09-08 20:00:00+00:00,85.0,81.33734939759036,137,6,month_hour,all,audit_2026,2026-09-03T04:00:00+00:00
2026-09-08 21:00:00+00:00,85.0,80.12951807228916,138,6,month_hour,all,audit_2026,2026-09-03T04:00:00+00:00
2026-09-08 22:00:00+00:00,82.0,77.53614457831326,139,6,month_hour,all,audit_2026,2026-09-03T04:00:00+00:00
2026-09-08 23:00:00+00:00,78.0,74.20180722891567,140,6,month_hour,all,audit_2026,2026-09-03T04:00:00+00:00
2026-09-09 00:00:00+00:00,75.0,72.64264264264264,141,6,month_hour,all,audit_2026,2026-09-03T04:00:00+00:00
2026-09-09 01:00:00+00:00,73.0,71.41867469879519,142,6,month_hour,all,audit_2026,2026-09-03T04:00:00+00:00
2026-09-09 02:00:00+00:00,72.0,70.3903903903904,143,6,month_hour,all,audit_2026,2026-09-03T04:00:00+00:00
2026-09-09 03:00:00+00:00,71.0,69.59214501510574,144,6,month_hour,all,audit_2026,2026-09-03T04:00:00+00:00
2026-09-09 04:00:00+00:00,69.0,68.7710843373494,145,7,month_hour,all,audit_2026,2026-09-03T04:00:00+00:00
2026-09-09 05:00:00+00:00,69.0,68.05421686746988,146,7,month_hour,all,audit_2026,2026-09-03T04:00:00+00:00
2026-09-09 06:00:00+00:00,67.0,67.39156626506023,147,7,month_hour,all,audit_2026,2026-09-03T04:00:00+00:00
2026-09-09 07:00:00+00:00,63.0,66.8644578313253,148,7,month_hour,all,audit_2026,2026-09-03T04:00:00+00:00
2026-09-09 08:00:00+00:00,65.0,66.43072289156626,149,7,month_hour,all,audit_2026,2026-09-03T04:00:00+00:00
2026-09-09 09:00:00+00:00,63.0,66.06344410876133,150,7,month_hour,all,audit_2026,2026-09-03T04:00:00+00:00
2026-09-09 10:00:00+00:00,63.0,65.8132530120482,151,7,month_hour,all,audit_2026,2026-09-03T04:00:00+00:00
2026-09-09 11:00:00+00:00,67.0,67.13855421686748,152,7,month_hour,all,audit_2026,2026-09-03T04:00:00+00:00
2026-09-09 12:00:00+00:00,73.0,70.29819277108433,153,7,month_hour,all,audit_2026,2026-09-03T04:00:00+00:00
2026-09-09 13:00:00+00:00,78.0,73.42530120481928,154,7,month_hour,all,audit_2026,2026-09-03T04:00:00+00:00
2026-09-09 14:00:00+00:00,81.0,76.20241691842901,155,7,month_hour,all,audit_2026,2026-09-03T04:00:00+00:00
2026-09-09 15:00:00+00:00,84.0,78.43975903614458,156,7,month_hour,all,audit_2026,2026-09-03T04:00:00+00:00
2026-09-09 16:00:00+00:00,86.0,80.05421686746988,157,7,month_hour,all,audit_2026,2026-09-03T04:00:00+00:00
2026-09-09 17:00:00+00:00,87.0,81.21987951807229,158,7,month_hour,all,audit_2026,2026-09-03T04:00:00+00:00
2026-09-09 18:00:00+00:00,87.0,81.76969696969697,159,7,month_hour,all,audit_2026,2026-09-03T04:00:00+00:00
2026-09-09 19:00:00+00:00,89.0,81.87349397590361,160,7,month_hour,all,audit_2026,2026-09-03T04:00:00+00:00
2026-09-09 20:00:00+00:00,88.0,81.33734939759036,161,7,month_hour,all,audit_2026,2026-09-03T04:00:00+00:00
2026-09-09 21:00:00+00:00,87.0,80.12951807228916,162,7,month_hour,all,audit_2026,2026-09-03T04:00:00+00:00
2026-09-09 22:00:00+00:00,85.0,77.53614457831326,163,7,month_hour,all,audit_2026,2026-09-03T04:00:00+00:00
2026-09-09 23:00:00+00:00,80.0,74.20180722891567,164,7,month_hour,all,audit_2026,2026-09-03T04:00:00+00:00
2026-09-10 00:00:00+00:00,79.0,72.64264264264264,165,7,month_hour,all,audit_2026,2026-09-03T04:00:00+00:00
2026-09-10 01:00:00+00:00,78.0,71.41867469879519,166,7,month_hour,all,audit_2026,2026-09-03T04:00:00+00:00
2026-09-10 02:00:00+00:00,77.0,70.3903903903904,167,7,month_hour,all,audit_2026,2026-09-03T04:00:00+00:00
2026-09-10 03:00:00+00:00,76.0,69.59214501510574,168,7,month_hour,all,audit_2026,2026-09-03T04:00:00+00:00
2026-09-10 04:00:00+00:00,75.0,68.7710843373494,169,8,month_hour,all,audit_2026,2026-09-03T04:00:00+00:00
2026-09-10 05:00:00+00:00,74.0,68.05421686746988,170,8,month_hour,all,audit_2026,2026-09-03T04:00:00+00:00
2026-09-10 06:00:00+00:00,73.0,67.39156626506023,171,8,month_hour,all,audit_2026,2026-09-03T04:00:00+00:00
2026-09-10 07:00:00+00:00,73.0,66.8644578313253,172,8,month_hour,all,audit_2026,2026-09-03T04:00:00+00:00
2026-09-10 08:00:00+00:00,72.0,66.43072289156626,173,8,month_hour,all,audit_2026,2026-09-03T04:00:00+00:00
2026-09-10 09:00:00+00:00,72.0,66.06344410876133,174,8,month_hour,all,audit_2026,2026-09-03T04:00:00+00:00
2026-09-10 10:00:00+00:00,71.0,65.8132530120482,175,8,month_hour,all,audit_2026,2026-09-03T04:00:00+00:00
2026-09-10 11:00:00+00:00,73.0,67.13855421686748,176,8,month_hour,all,audit_2026,2026-09-03T04:00:00+00:00
2026-09-10 12:00:00+00:00,76.0,70.29819277108433,177,8,month_hour,all,audit_2026,2026-09-03T04:00:00+00:00
2026-09-10 13:00:00+00:00,81.0,73.42530120481928,178,8,month_hour,all,audit_2026,2026-09-03T04:00:00+00:00
2026-09-10 14:00:00+00:00,86.0,76.20241691842901,179,8,month_hour,all,audit_2026,2026-09-03T04:00:00+00:00
2026-09-10 15:00:00+00:00,89.0,78.43975903614458,180,8,month_hour,all,audit_2026,2026-09-03T04:00:00+00:00
2026-09-10 16:00:00+00:00,93.0,80.05421686746988,181,8,month_hour,all,audit_2026,2026-09-03T04:00:00+00:00
2026-09-10 17:00:00+00:00,94.0,81.21987951807229,182,8,month_hour,all,audit_2026,2026-09-03T04:00:00+00:00
2026-09-10 18:00:00+00:00,96.0,81.76969696969697,183,8,month_hour,all,audit_2026,2026-09-03T04:00:00+00:00
2026-09-10 19:00:00+00:00,94.0,81.87349397590361,184,8,month_hour,all,audit_2026,2026-09-03T04:00:00+00:00
2026-09-10 20:00:00+00:00,94.0,81.33734939759036,185,8,month_hour,all,audit_2026,2026-09-03T04:00:00+00:00
2026-09-10 21:00:00+00:00,93.0,80.12951807228916,186,8,month_hour,all,audit_2026,2026-09-03T04:00:00+00:00
2026-09-10 22:00:00+00:00,90.0,77.53614457831326,187,8,month_hour,all,audit_2026,2026-09-03T04:00:00+00:00
2026-09-10 23:00:00+00:00,86.0,74.20180722891567,188,8,month_hour,all,audit_2026,2026-09-03T04:00:00+00:00
2026-09-11 00:00:00+00:00,85.0,72.64264264264264,189,8,month_hour,all,audit_2026,2026-09-03T04:00:00+00:00
2026-09-11 01:00:00+00:00,83.0,71.41867469879519,190,8,month_hour,all,audit_2026,2026-09-03T04:00:00+00:00
2026-09-11 02:00:00+00:00,81.0,70.3903903903904,191,8,month_hour,all,audit_2026,2026-09-03T04:00:00+00:00
2026-09-11 03:00:00+00:00,80.0,69.59214501510574,192,8,month_hour,all,audit_2026,2026-09-03T04:00:00+00:00
2026-09-11 04:00:00+00:00,79.0,68.7710843373494,193,9,month_hour,all,audit_2026,2026-09-03T04:00:00+00:00
2026-09-11 05:00:00+00:00,77.0,68.05421686746988,194,9,month_hour,all,audit_2026,2026-09-03T04:00:00+00:00
2026-09-11 06:00:00+00:00,77.0,67.39156626506023,195,9,month_hour,all,audit_2026,2026-09-03T04:00:00+00:00
2026-09-11 07:00:00+00:00,76.0,66.8644578313253,196,9,month_hour,all,audit_2026,2026-09-03T04:00:00+00:00
2026-09-11 08:00:00+00:00,75.0,66.43072289156626,197,9,month_hour,all,audit_2026,2026-09-03T04:00:00+00:00
2026-09-11 09:00:00+00:00,74.0,66.06344410876133,198,9,month_hour,all,audit_2026,2026-09-03T04:00:00+00:00
2026-09-11 10:00:00+00:00,74.0,65.8132530120482,199,9,month_hour,all,audit_2026,2026-09-03T04:00:00+00:00
2026-09-11 11:00:00+00:00,76.0,67.13855421686748,200,9,month_hour,all,audit_2026,2026-09-03T04:00:00+00:00
2026-09-11 12:00:00+00:00,80.0,70.29819277108433,201,9,month_hour,all,audit_2026,2026-09-03T04:00:00+00:00
2026-09-11 13:00:00+00:00,84.0,73.42530120481928,202,9,month_hour,all,audit_2026,2026-09-03T04:00:00+00:00
2026-09-11 14:00:00+00:00,88.0,76.20241691842901,203,9,month_hour,all,audit_2026,2026-09-03T04:00:00+00:00
2026-09-11 15:00:00+00:00,91.0,78.43975903614458,204,9,month_hour,all,audit_2026,2026-09-03T04:00:00+00:00
2026-09-11 16:00:00+00:00,92.0,80.05421686746988,205,9,month_hour,all,audit_2026,2026-09-03T04:00:00+00:00
2026-09-11 17:00:00+00:00,94.0,81.21987951807229,206,9,month_hour,all,audit_2026,2026-09-03T04:00:00+00:00
2026-09-11 18:00:00+00:00,95.0,81.76969696969697,207,9,month_hour,all,audit_2026,2026-09-03T04:00:00+00:00
2026-09-11 19:00:00+00:00,97.0,81.87349397590361,208,9,month_hour,all,audit_2026,2026-09-03T04:00:00+00:00
2026-09-11 20:00:00+00:00,94.0,81.33734939759036,209,9,month_hour,all,audit_2026,2026-09-03T04:00:00+00:00
2026-09-11 21:00:00+00:00,91.0,80.12951807228916,210,9,month_hour,all,audit_2026,2026-09-03T04:00:00+00:00
2026-09-11 22:00:00+00:00,88.0,77.53614457831326,211,9,month_hour,all,audit_2026,2026-09-03T04:00:00+00:00
2026-09-11 23:00:00+00:00,77.0,74.20180722891567,212,9,month_hour,all,audit_2026,2026-09-03T04:00:00+00:00
2026-09-12 00:00:00+00:00,77.0,72.64264264264264,213,9,month_hour,all,audit_2026,2026-09-03T04:00:00+00:00
2026-09-12 01:00:00+00:00,74.0,71.41867469879519,214,9,month_hour,all,audit_2026,2026-09-03T04:00:00+00:00
2026-09-12 02:00:00+00:00,76.0,70.3903903903904,215,9,month_hour,all,audit_2026,2026-09-03T04:00:00+00:00
2026-09-12 03:00:00+00:00,75.0,69.59214501510574,216,9,month_hour,all,audit_2026,2026-09-03T04:00:00+00:00
2026-09-12 04:00:00+00:00,75.0,68.7710843373494,217,10,month_hour,all,audit_2026,2026-09-03T04:00:00+00:00
2026-09-12 05:00:00+00:00,75.0,68.05421686746988,218,10,month_hour,all,audit_2026,2026-09-03T04:00:00+00:00
2026-09-12 06:00:00+00:00,74.0,67.39156626506023,219,10,month_hour,all,audit_2026,2026-09-03T04:00:00+00:00
2026-09-12 07:00:00+00:00,74.0,66.8644578313253,220,10,month_hour,all,audit_2026,2026-09-03T04:00:00+00:00
2026-09-12 08:00:00+00:00,74.0,66.43072289156626,221,10,month_hour,all,audit_2026,2026-09-03T04:00:00+00:00
2026-09-12 09:00:00+00:00,74.0,66.06344410876133,222,10,month_hour,all,audit_2026,2026-09-03T04:00:00+00:00
2026-09-12 10:00:00+00:00,74.0,65.8132530120482,223,10,month_hour,all,audit_2026,2026-09-03T04:00:00+00:00
2026-09-12 11:00:00+00:00,75.0,67.13855421686748,224,10,month_hour,all,audit_2026,2026-09-03T04:00:00+00:00
2026-09-12 12:00:00+00:00,77.0,70.29819277108433,225,10,month_hour,all,audit_2026,2026-09-03T04:00:00+00:00
2026-09-12 13:00:00+00:00,78.0,73.42530120481928,226,10,month_hour,all,audit_2026,2026-09-03T04:00:00+00:00
2026-09-12 14:00:00+00:00,82.0,76.20241691842901,227,10,month_hour,all,audit_2026,2026-09-03T04:00:00+00:00
2026-09-12 15:00:00+00:00,83.0,78.43975903614458,228,10,month_hour,all,audit_2026,2026-09-03T04:00:00+00:00
2026-09-12 16:00:00+00:00,85.0,80.05421686746988,229,10,month_hour,all,audit_2026,2026-09-03T04:00:00+00:00
2026-09-12 17:00:00+00:00,78.0,81.21987951807229,230,10,month_hour,all,audit_2026,2026-09-03T04:00:00+00:00
2026-09-12 18:00:00+00:00,82.0,81.76969696969697,231,10,month_hour,all,audit_2026,2026-09-03T04:00:00+00:00
2026-09-12 19:00:00+00:00,80.0,81.87349397590361,232,10,month_hour,all,audit_2026,2026-09-03T04:00:00+00:00
2026-09-12 20:00:00+00:00,81.0,81.33734939759036,233,10,month_hour,all,audit_2026,2026-09-03T04:00:00+00:00
2026-09-12 21:00:00+00:00,79.0,80.12951807228916,234,10,month_hour,all,audit_2026,2026-09-03T04:00:00+00:00
2026-09-12 22:00:00+00:00,78.0,77.53614457831326,235,10,month_hour,all,audit_2026,2026-09-03T04:00:00+00:00
2026-09-12 23:00:00+00:00,77.0,74.20180722891567,236,10,month_hour,all,audit_2026,2026-09-03T04:00:00+00:00
2026-09-13 00:00:00+00:00,77.0,72.64264264264264,237,10,month_hour,all,audit_2026,2026-09-03T04:00:00+00:00
2026-09-13 01:00:00+00:00,76.0,71.41867469879519,238,10,month_hour,all,audit_2026,2026-09-03T04:00:00+00:00
2026-09-13 02:00:00+00:00,77.0,70.3903903903904,239,10,month_hour,all,audit_2026,2026-09-03T04:00:00+00:00
2026-09-13 03:00:00+00:00,77.0,69.59214501510574,240,10,month_hour,all,audit_2026,2026-09-03T04:00:00+00:00
2026-09-13 04:00:00+00:00,77.0,68.7710843373494,241,11,month_hour,all,audit_2026,2026-09-03T04:00:00+00:00
2026-09-13 05:00:00+00:00,76.0,68.05421686746988,242,11,month_hour,all,audit_2026,2026-09-03T04:00:00+00:00
2026-09-13 06:00:00+00:00,75.0,67.39156626506023,243,11,month_hour,all,audit_2026,2026-09-03T04:00:00+00:00
2026-09-13 07:00:00+00:00,75.0,66.8644578313253,244,11,month_hour,all,audit_2026,2026-09-03T04:00:00+00:00
2026-09-13 08:00:00+00:00,75.0,66.43072289156626,245,11,month_hour,all,audit_2026,2026-09-03T04:00:00+00:00
2026-09-13 09:00:00+00:00,75.0,66.06344410876133,246,11,month_hour,all,audit_2026,2026-09-03T04:00:00+00:00
2026-09-13 10:00:00+00:00,75.0,65.8132530120482,247,11,month_hour,all,audit_2026,2026-09-03T04:00:00+00:00
2026-09-13 11:00:00+00:00,75.0,67.13855421686748,248,11,month_hour,all,audit_2026,2026-09-03T04:00:00+00:00
2026-09-13 12:00:00+00:00,76.0,70.29819277108433,249,11,month_hour,all,audit_2026,2026-09-03T04:00:00+00:00
2026-09-13 13:00:00+00:00,78.0,73.42530120481928,250,11,month_hour,all,audit_2026,2026-09-03T04:00:00+00:00
2026-09-13 14:00:00+00:00,79.0,76.20241691842901,251,11,month_hour,all,audit_2026,2026-09-03T04:00:00+00:00
2026-09-13 15:00:00+00:00,81.0,78.43975903614458,252,11,month_hour,all,audit_2026,2026-09-03T04:00:00+00:00
2026-09-13 16:00:00+00:00,83.0,80.05421686746988,253,11,month_hour,all,audit_2026,2026-09-03T04:00:00+00:00
2026-09-13 17:00:00+00:00,86.0,81.21987951807229,254,11,month_hour,all,audit_2026,2026-09-03T04:00:00+00:00
2026-09-13 18:00:00+00:00,87.0,81.76969696969697,255,11,month_hour,all,audit_2026,2026-09-03T04:00:00+00:00
2026-09-13 19:00:00+00:00,88.0,81.87349397590361,256,11,month_hour,all,audit_2026,2026-09-03T04:00:00+00:00
2026-09-13 20:00:00+00:00,90.0,81.33734939759036,257,11,month_hour,all,audit_2026,2026-09-03T04:00:00+00:00
2026-09-13 21:00:00+00:00,89.0,80.12951807228916,258,11,month_hour,all,audit_2026,2026-09-03T04:00:00+00:00
2026-09-13 22:00:00+00:00,87.0,77.53614457831326,259,11,month_hour,all,audit_2026,2026-09-03T04:00:00+00:00
2026-09-13 23:00:00+00:00,82.0,74.20180722891567,260,11,month_hour,all,audit_2026,2026-09-03T04:00:00+00:00
2026-09-14 00:00:00+00:00,81.0,72.64264264264264,261,11,month_hour,all,audit_2026,2026-09-03T04:00:00+00:00
2026-09-14 01:00:00+00:00,80.0,71.41867469879519,262,11,month_hour,all,audit_2026,2026-09-03T04:00:00+00:00
2026-09-14 02:00:00+00:00,79.0,70.3903903903904,263,11,month_hour,all,audit_2026,2026-09-03T04:00:00+00:00
2026-09-14 03:00:00+00:00,78.0,69.59214501510574,264,11,month_hour,all,audit_2026,2026-09-03T04:00:00+00:00
2026-09-14 04:00:00+00:00,77.0,68.7710843373494,265,12,month_hour,all,audit_2026,2026-09-03T04:00:00+00:00
2026-09-14 05:00:00+00:00,77.0,68.05421686746988,266,12,month_hour,all,audit_2026,2026-09-03T04:00:00+00:00
2026-09-14 06:00:00+00:00,74.0,67.39156626506023,267,12,month_hour,all,audit_2026,2026-09-03T04:00:00+00:00
2026-09-14 07:00:00+00:00,75.0,66.8644578313253,268,12,month_hour,all,audit_2026,2026-09-03T04:00:00+00:00
2026-09-14 08:00:00+00:00,73.0,66.43072289156626,269,12,month_hour,all,audit_2026,2026-09-03T04:00:00+00:00
2026-09-14 09:00:00+00:00,72.0,66.06344410876133,270,12,month_hour,all,audit_2026,2026-09-03T04:00:00+00:00
2026-09-14 10:00:00+00:00,71.0,65.8132530120482,271,12,month_hour,all,audit_2026,2026-09-03T04:00:00+00:00
2026-09-14 11:00:00+00:00,73.0,67.13855421686748,272,12,month_hour,all,audit_2026,2026-09-03T04:00:00+00:00
2026-09-14 12:00:00+00:00,78.0,70.29819277108433,273,12,month_hour,all,audit_2026,2026-09-03T04:00:00+00:00
2026-09-14 13:00:00+00:00,84.0,73.42530120481928,274,12,month_hour,all,audit_2026,2026-09-03T04:00:00+00:00
2026-09-14 14:00:00+00:00,86.0,76.20241691842901,275,12,month_hour,all,audit_2026,2026-09-03T04:00:00+00:00
2026-09-14 15:00:00+00:00,88.0,78.43975903614458,276,12,month_hour,all,audit_2026,2026-09-03T04:00:00+00:00
2026-09-14 16:00:00+00:00,88.0,80.05421686746988,277,12,month_hour,all,audit_2026,2026-09-03T04:00:00+00:00
2026-09-14 17:00:00+00:00,89.0,81.21987951807229,278,12,month_hour,all,audit_2026,2026-09-03T04:00:00+00:00
2026-09-14 18:00:00+00:00,90.0,81.76969696969697,279,12,month_hour,all,audit_2026,2026-09-03T04:00:00+00:00
2026-09-14 19:00:00+00:00,89.0,81.87349397590361,280,12,month_hour,all,audit_2026,2026-09-03T04:00:00+00:00
2026-09-14 20:00:00+00:00,89.0,81.33734939759036,281,12,month_hour,all,audit_2026,2026-09-03T04:00:00+00:00
2026-09-14 21:00:00+00:00,88.0,80.12951807228916,282,12,month_hour,all,audit_2026,2026-09-03T04:00:00+00:00
2026-09-14 22:00:00+00:00,84.0,77.53614457831326,283,12,month_hour,all,audit_2026,2026-09-03T04:00:00+00:00
2026-09-14 23:00:00+00:00,81.0,74.20180722891567,284,12,month_hour,all,audit_2026,2026-09-03T04:00:00+00:00
2026-09-15 00:00:00+00:00,80.0,72.64264264264264,285,12,month_hour,all,audit_2026,2026-09-03T04:00:00+00:00
2026-09-15 01:00:00+00:00,78.0,71.41867469879519,286,12,month_hour,all,audit_2026,2026-09-03T04:00:00+00:00
2026-09-15 02:00:00+00:00,76.0,70.3903903903904,287,12,month_hour,all,audit_2026,2026-09-03T04:00:00+00:00
2026-09-15 03:00:00+00:00,74.0,69.59214501510574,288,12,month_hour,all,audit_2026,2026-09-03T04:00:00+00:00
2026-09-15 04:00:00+00:00,71.0,68.7710843373494,289,13,month_hour,all,audit_2026,2026-09-03T04:00:00+00:00
2026-09-15 05:00:00+00:00,70.0,68.05421686746988,290,13,month_hour,all,audit_2026,2026-09-03T04:00:00+00:00
2026-09-15 06:00:00+00:00,68.0,67.39156626506023,291,13,month_hour,all,audit_2026,2026-09-03T04:00:00+00:00
2026-09-15 07:00:00+00:00,67.0,66.8644578313253,292,13,month_hour,all,audit_2026,2026-09-03T04:00:00+00:00
2026-09-15 08:00:00+00:00,66.0,66.43072289156626,293,13,month_hour,all,audit_2026,2026-09-03T04:00:00+00:00
2026-09-15 09:00:00+00:00,64.0,66.06344410876133,294,13,month_hour,all,audit_2026,2026-09-03T04:00:00+00:00
2026-09-15 10:00:00+00:00,63.0,65.8132530120482,295,13,month_hour,all,audit_2026,2026-09-03T04:00:00+00:00
2026-09-15 11:00:00+00:00,66.0,67.13855421686748,296,13,month_hour,all,audit_2026,2026-09-03T04:00:00+00:00
2026-09-15 12:00:00+00:00,69.0,70.29819277108433,297,13,month_hour,all,audit_2026,2026-09-03T04:00:00+00:00
2026-09-15 13:00:00+00:00,74.0,73.42530120481928,298,13,month_hour,all,audit_2026,2026-09-03T04:00:00+00:00
2026-09-15 14:00:00+00:00,76.0,76.20241691842901,299,13,month_hour,all,audit_2026,2026-09-03T04:00:00+00:00
2026-09-15 15:00:00+00:00,77.0,78.43975903614458,300,13,month_hour,all,audit_2026,2026-09-03T04:00:00+00:00
2026-09-15 16:00:00+00:00,77.0,80.05421686746988,301,13,month_hour,all,audit_2026,2026-09-03T04:00:00+00:00
2026-09-15 17:00:00+00:00,81.0,81.21987951807229,302,13,month_hour,all,audit_2026,2026-09-03T04:00:00+00:00
2026-09-15 18:00:00+00:00,81.0,81.76969696969697,303,13,month_hour,all,audit_2026,2026-09-03T04:00:00+00:00
2026-09-15 19:00:00+00:00,82.0,81.87349397590361,304,13,month_hour,all,audit_2026,2026-09-03T04:00:00+00:00
2026-09-15 20:00:00+00:00,82.0,81.33734939759036,305,13,month_hour,all,audit_2026,2026-09-03T04:00:00+00:00
2026-09-15 21:00:00+00:00,82.0,80.12951807228916,306,13,month_hour,all,audit_2026,2026-09-03T04:00:00+00:00
2026-09-15 22:00:00+00:00,78.0,77.53614457831326,307,13,month_hour,all,audit_2026,2026-09-03T04:00:00+00:00
2026-09-15 23:00:00+00:00,75.0,74.20180722891567,308,13,month_hour,all,audit_2026,2026-09-03T04:00:00+00:00
2026-09-16 00:00:00+00:00,73.0,72.64264264264264,309,13,month_hour,all,audit_2026,2026-09-03T04:00:00+00:00
2026-09-16 01:00:00+00:00,71.0,71.41867469879519,310,13,month_hour,all,audit_2026,2026-09-03T04:00:00+00:00
2026-09-16 02:00:00+00:00,69.0,70.3903903903904,311,13,month_hour,all,audit_2026,2026-09-03T04:00:00+00:00
2026-09-16 03:00:00+00:00,68.0,69.59214501510574,312,13,month_hour,all,audit_2026,2026-09-03T04:00:00+00:00
2026-09-16 04:00:00+00:00,68.0,68.7710843373494,313,14,month_hour,all,audit_2026,2026-09-03T04:00:00+00:00
2026-09-16 05:00:00+00:00,67.0,68.05421686746988,314,14,month_hour,all,audit_2026,2026-09-03T04:00:00+00:00
2026-09-16 06:00:00+00:00,66.0,67.39156626506023,315,14,month_hour,all,audit_2026,2026-09-03T04:00:00+00:00
2026-09-16 07:00:00+00:00,64.0,66.8644578313253,316,14,month_hour,all,audit_2026,2026-09-03T04:00:00+00:00
2026-09-16 08:00:00+00:00,63.0,66.43072289156626,317,14,month_hour,all,audit_2026,2026-09-03T04:00:00+00:00
2026-09-16 09:00:00+00:00,61.0,66.06344410876133,318,14,month_hour,all,audit_2026,2026-09-03T04:00:00+00:00
2026-09-16 10:00:00+00:00,61.0,65.8132530120482,319,14,month_hour,all,audit_2026,2026-09-03T04:00:00+00:00
2026-09-16 11:00:00+00:00,63.0,67.13855421686748,320,14,month_hour,all,audit_2026,2026-09-03T04:00:00+00:00
2026-09-16 12:00:00+00:00,69.0,70.29819277108433,321,14,month_hour,all,audit_2026,2026-09-03T04:00:00+00:00
2026-09-16 13:00:00+00:00,73.0,73.42530120481928,322,14,month_hour,all,audit_2026,2026-09-03T04:00:00+00:00
2026-09-16 14:00:00+00:00,78.0,76.20241691842901,323,14,month_hour,all,audit_2026,2026-09-03T04:00:00+00:00
2026-09-16 15:00:00+00:00,80.0,78.43975903614458,324,14,month_hour,all,audit_2026,2026-09-03T04:00:00+00:00
2026-09-16 16:00:00+00:00,82.0,80.05421686746988,325,14,month_hour,all,audit_2026,2026-09-03T04:00:00+00:00
2026-09-16 17:00:00+00:00,83.0,81.21987951807229,326,14,month_hour,all,audit_2026,2026-09-03T04:00:00+00:00
2026-09-16 18:00:00+00:00,84.0,81.76969696969697,327,14,month_hour,all,audit_2026,2026-09-03T04:00:00+00:00
2026-09-16 19:00:00+00:00,86.0,81.87349397590361,328,14,month_hour,all,audit_2026,2026-09-03T04:00:00+00:00
2026-09-16 20:00:00+00:00,86.0,81.33734939759036,329,14,month_hour,all,audit_2026,2026-09-03T04:00:00+00:00
2026-09-16 21:00:00+00:00,85.0,80.12951807228916,330,14,month_hour,all,audit_2026,2026-09-03T04:00:00+00:00
2026-09-16 22:00:00+00:00,83.0,77.53614457831326,331,14,month_hour,all,audit_2026,2026-09-03T04:00:00+00:00
2026-09-16 23:00:00+00:00,78.0,74.20180722891567,332,14,month_hour,all,audit_2026,2026-09-03T04:00:00+00:00
2026-09-17 00:00:00+00:00,76.0,72.64264264264264,333,14,month_hour,all,audit_2026,2026-09-03T04:00:00+00:00
2026-09-17 01:00:00+00:00,72.0,71.41867469879519,334,14,month_hour,all,audit_2026,2026-09-03T04:00:00+00:00
2026-09-17 02:00:00+00:00,71.0,70.3903903903904,335,14,month_hour,all,audit_2026,2026-09-03T04:00:00+00:00
2026-09-17 03:00:00+00:00,70.0,69.59214501510574,336,14,month_hour,all,audit_2026,2026-09-03T04:00:00+00:00
2026-09-03 04:00:00+00:00,80.0,81.0,1,1,repeat_last_day,all,audit_2026,2026-09-03T04:00:00+00:00
2026-09-03 05:00:00+00:00,78.0,81.0,2,1,repeat_last_day,all,audit_2026,2026-09-03T04:00:00+00:00
2026-09-03 06:00:00+00:00,77.0,79.0,3,1,repeat_last_day,all,audit_2026,2026-09-03T04:00:00+00:00
2026-09-03 07:00:00+00:00,76.0,79.0,4,1,repeat_last_day,all,audit_2026,2026-09-03T04:00:00+00:00
2026-09-03 08:00:00+00:00,77.0,77.0,5,1,repeat_last_day,all,audit_2026,2026-09-03T04:00:00+00:00
2026-09-03 09:00:00+00:00,77.0,77.0,6,1,repeat_last_day,all,audit_2026,2026-09-03T04:00:00+00:00
2026-09-03 10:00:00+00:00,77.0,76.0,7,1,repeat_last_day,all,audit_2026,2026-09-03T04:00:00+00:00
2026-09-03 11:00:00+00:00,79.0,78.0,8,1,repeat_last_day,all,audit_2026,2026-09-03T04:00:00+00:00
2026-09-03 12:00:00+00:00,82.0,82.0,9,1,repeat_last_day,all,audit_2026,2026-09-03T04:00:00+00:00
2026-09-03 13:00:00+00:00,87.0,87.0,10,1,repeat_last_day,all,audit_2026,2026-09-03T04:00:00+00:00
2026-09-03 14:00:00+00:00,91.0,91.0,11,1,repeat_last_day,all,audit_2026,2026-09-03T04:00:00+00:00
2026-09-03 15:00:00+00:00,95.0,93.0,12,1,repeat_last_day,all,audit_2026,2026-09-03T04:00:00+00:00
2026-09-03 16:00:00+00:00,96.0,96.0,13,1,repeat_last_day,all,audit_2026,2026-09-03T04:00:00+00:00
2026-09-03 17:00:00+00:00,101.0,99.0,14,1,repeat_last_day,all,audit_2026,2026-09-03T04:00:00+00:00
2026-09-03 18:00:00+00:00,97.0,98.0,15,1,repeat_last_day,all,audit_2026,2026-09-03T04:00:00+00:00
2026-09-03 19:00:00+00:00,100.0,98.0,16,1,repeat_last_day,all,audit_2026,2026-09-03T04:00:00+00:00
2026-09-03 20:00:00+00:00,97.0,98.0,17,1,repeat_last_day,all,audit_2026,2026-09-03T04:00:00+00:00
2026-09-03 21:00:00+00:00,95.0,97.0,18,1,repeat_last_day,all,audit_2026,2026-09-03T04:00:00+00:00
2026-09-03 22:00:00+00:00,84.0,95.0,19,1,repeat_last_day,all,audit_2026,2026-09-03T04:00:00+00:00
2026-09-03 23:00:00+00:00,83.0,91.0,20,1,repeat_last_day,all,audit_2026,2026-09-03T04:00:00+00:00
2026-09-04 00:00:00+00:00,84.0,88.0,21,1,repeat_last_day,all,audit_2026,2026-09-03T04:00:00+00:00
2026-09-04 01:00:00+00:00,83.0,84.0,22,1,repeat_last_day,all,audit_2026,2026-09-03T04:00:00+00:00
2026-09-04 02:00:00+00:00,85.0,82.0,23,1,repeat_last_day,all,audit_2026,2026-09-03T04:00:00+00:00
2026-09-04 03:00:00+00:00,83.0,81.0,24,1,repeat_last_day,all,audit_2026,2026-09-03T04:00:00+00:00
2026-09-04 04:00:00+00:00,81.0,81.0,25,2,repeat_last_day,all,audit_2026,2026-09-03T04:00:00+00:00
2026-09-04 05:00:00+00:00,80.0,81.0,26,2,repeat_last_day,all,audit_2026,2026-09-03T04:00:00+00:00
2026-09-04 06:00:00+00:00,79.0,79.0,27,2,repeat_last_day,all,audit_2026,2026-09-03T04:00:00+00:00
2026-09-04 07:00:00+00:00,78.0,79.0,28,2,repeat_last_day,all,audit_2026,2026-09-03T04:00:00+00:00
2026-09-04 08:00:00+00:00,77.0,77.0,29,2,repeat_last_day,all,audit_2026,2026-09-03T04:00:00+00:00
2026-09-04 09:00:00+00:00,77.0,77.0,30,2,repeat_last_day,all,audit_2026,2026-09-03T04:00:00+00:00
2026-09-04 10:00:00+00:00,76.0,76.0,31,2,repeat_last_day,all,audit_2026,2026-09-03T04:00:00+00:00
2026-09-04 11:00:00+00:00,78.0,78.0,32,2,repeat_last_day,all,audit_2026,2026-09-03T04:00:00+00:00
2026-09-04 12:00:00+00:00,81.0,82.0,33,2,repeat_last_day,all,audit_2026,2026-09-03T04:00:00+00:00
2026-09-04 13:00:00+00:00,85.0,87.0,34,2,repeat_last_day,all,audit_2026,2026-09-03T04:00:00+00:00
2026-09-04 14:00:00+00:00,89.0,91.0,35,2,repeat_last_day,all,audit_2026,2026-09-03T04:00:00+00:00
2026-09-04 15:00:00+00:00,92.0,93.0,36,2,repeat_last_day,all,audit_2026,2026-09-03T04:00:00+00:00
2026-09-04 16:00:00+00:00,94.0,96.0,37,2,repeat_last_day,all,audit_2026,2026-09-03T04:00:00+00:00
2026-09-04 17:00:00+00:00,97.0,99.0,38,2,repeat_last_day,all,audit_2026,2026-09-03T04:00:00+00:00
2026-09-04 18:00:00+00:00,99.0,98.0,39,2,repeat_last_day,all,audit_2026,2026-09-03T04:00:00+00:00
2026-09-04 19:00:00+00:00,98.0,98.0,40,2,repeat_last_day,all,audit_2026,2026-09-03T04:00:00+00:00
2026-09-04 20:00:00+00:00,97.0,98.0,41,2,repeat_last_day,all,audit_2026,2026-09-03T04:00:00+00:00
2026-09-04 21:00:00+00:00,93.0,97.0,42,2,repeat_last_day,all,audit_2026,2026-09-03T04:00:00+00:00
2026-09-04 22:00:00+00:00,91.0,95.0,43,2,repeat_last_day,all,audit_2026,2026-09-03T04:00:00+00:00
2026-09-04 23:00:00+00:00,91.0,91.0,44,2,repeat_last_day,all,audit_2026,2026-09-03T04:00:00+00:00
2026-09-05 00:00:00+00:00,85.0,88.0,45,2,repeat_last_day,all,audit_2026,2026-09-03T04:00:00+00:00
2026-09-05 01:00:00+00:00,85.0,84.0,46,2,repeat_last_day,all,audit_2026,2026-09-03T04:00:00+00:00
2026-09-05 02:00:00+00:00,79.0,82.0,47,2,repeat_last_day,all,audit_2026,2026-09-03T04:00:00+00:00
2026-09-05 03:00:00+00:00,77.0,81.0,48,2,repeat_last_day,all,audit_2026,2026-09-03T04:00:00+00:00
2026-09-05 04:00:00+00:00,78.0,81.0,49,3,repeat_last_day,all,audit_2026,2026-09-03T04:00:00+00:00
2026-09-05 05:00:00+00:00,77.0,81.0,50,3,repeat_last_day,all,audit_2026,2026-09-03T04:00:00+00:00
2026-09-05 06:00:00+00:00,77.0,79.0,51,3,repeat_last_day,all,audit_2026,2026-09-03T04:00:00+00:00
2026-09-05 07:00:00+00:00,76.0,79.0,52,3,repeat_last_day,all,audit_2026,2026-09-03T04:00:00+00:00
2026-09-05 08:00:00+00:00,76.0,77.0,53,3,repeat_last_day,all,audit_2026,2026-09-03T04:00:00+00:00
2026-09-05 09:00:00+00:00,76.0,77.0,54,3,repeat_last_day,all,audit_2026,2026-09-03T04:00:00+00:00
2026-09-05 10:00:00+00:00,74.0,76.0,55,3,repeat_last_day,all,audit_2026,2026-09-03T04:00:00+00:00
2026-09-05 11:00:00+00:00,76.0,78.0,56,3,repeat_last_day,all,audit_2026,2026-09-03T04:00:00+00:00
2026-09-05 12:00:00+00:00,80.0,82.0,57,3,repeat_last_day,all,audit_2026,2026-09-03T04:00:00+00:00
2026-09-05 13:00:00+00:00,84.0,87.0,58,3,repeat_last_day,all,audit_2026,2026-09-03T04:00:00+00:00
2026-09-05 14:00:00+00:00,89.0,91.0,59,3,repeat_last_day,all,audit_2026,2026-09-03T04:00:00+00:00
2026-09-05 15:00:00+00:00,92.0,93.0,60,3,repeat_last_day,all,audit_2026,2026-09-03T04:00:00+00:00
2026-09-05 16:00:00+00:00,94.0,96.0,61,3,repeat_last_day,all,audit_2026,2026-09-03T04:00:00+00:00
2026-09-05 17:00:00+00:00,95.0,99.0,62,3,repeat_last_day,all,audit_2026,2026-09-03T04:00:00+00:00
2026-09-05 18:00:00+00:00,96.0,98.0,63,3,repeat_last_day,all,audit_2026,2026-09-03T04:00:00+00:00
2026-09-05 19:00:00+00:00,77.0,98.0,64,3,repeat_last_day,all,audit_2026,2026-09-03T04:00:00+00:00
2026-09-05 20:00:00+00:00,76.0,98.0,65,3,repeat_last_day,all,audit_2026,2026-09-03T04:00:00+00:00
2026-09-05 21:00:00+00:00,77.0,97.0,66,3,repeat_last_day,all,audit_2026,2026-09-03T04:00:00+00:00
2026-09-05 22:00:00+00:00,78.0,95.0,67,3,repeat_last_day,all,audit_2026,2026-09-03T04:00:00+00:00
2026-09-05 23:00:00+00:00,78.0,91.0,68,3,repeat_last_day,all,audit_2026,2026-09-03T04:00:00+00:00
2026-09-06 00:00:00+00:00,76.0,88.0,69,3,repeat_last_day,all,audit_2026,2026-09-03T04:00:00+00:00
2026-09-06 01:00:00+00:00,75.0,84.0,70,3,repeat_last_day,all,audit_2026,2026-09-03T04:00:00+00:00
2026-09-06 02:00:00+00:00,77.0,82.0,71,3,repeat_last_day,all,audit_2026,2026-09-03T04:00:00+00:00
2026-09-06 03:00:00+00:00,76.0,81.0,72,3,repeat_last_day,all,audit_2026,2026-09-03T04:00:00+00:00
2026-09-06 04:00:00+00:00,75.0,81.0,73,4,repeat_last_day,all,audit_2026,2026-09-03T04:00:00+00:00
2026-09-06 05:00:00+00:00,73.0,81.0,74,4,repeat_last_day,all,audit_2026,2026-09-03T04:00:00+00:00
2026-09-06 06:00:00+00:00,71.0,79.0,75,4,repeat_last_day,all,audit_2026,2026-09-03T04:00:00+00:00
2026-09-06 07:00:00+00:00,73.0,79.0,76,4,repeat_last_day,all,audit_2026,2026-09-03T04:00:00+00:00
2026-09-06 08:00:00+00:00,73.0,77.0,77,4,repeat_last_day,all,audit_2026,2026-09-03T04:00:00+00:00
2026-09-06 09:00:00+00:00,73.0,77.0,78,4,repeat_last_day,all,audit_2026,2026-09-03T04:00:00+00:00
2026-09-06 10:00:00+00:00,73.0,76.0,79,4,repeat_last_day,all,audit_2026,2026-09-03T04:00:00+00:00
2026-09-06 11:00:00+00:00,73.0,78.0,80,4,repeat_last_day,all,audit_2026,2026-09-03T04:00:00+00:00
2026-09-06 12:00:00+00:00,76.0,82.0,81,4,repeat_last_day,all,audit_2026,2026-09-03T04:00:00+00:00
2026-09-06 13:00:00+00:00,79.0,87.0,82,4,repeat_last_day,all,audit_2026,2026-09-03T04:00:00+00:00
2026-09-06 14:00:00+00:00,81.0,91.0,83,4,repeat_last_day,all,audit_2026,2026-09-03T04:00:00+00:00
2026-09-06 15:00:00+00:00,80.0,93.0,84,4,repeat_last_day,all,audit_2026,2026-09-03T04:00:00+00:00
2026-09-06 16:00:00+00:00,81.0,96.0,85,4,repeat_last_day,all,audit_2026,2026-09-03T04:00:00+00:00
2026-09-06 17:00:00+00:00,81.0,99.0,86,4,repeat_last_day,all,audit_2026,2026-09-03T04:00:00+00:00
2026-09-06 18:00:00+00:00,81.0,98.0,87,4,repeat_last_day,all,audit_2026,2026-09-03T04:00:00+00:00
2026-09-06 19:00:00+00:00,79.0,98.0,88,4,repeat_last_day,all,audit_2026,2026-09-03T04:00:00+00:00
2026-09-06 20:00:00+00:00,80.0,98.0,89,4,repeat_last_day,all,audit_2026,2026-09-03T04:00:00+00:00
2026-09-06 21:00:00+00:00,79.0,97.0,90,4,repeat_last_day,all,audit_2026,2026-09-03T04:00:00+00:00
2026-09-06 22:00:00+00:00,78.0,95.0,91,4,repeat_last_day,all,audit_2026,2026-09-03T04:00:00+00:00
2026-09-06 23:00:00+00:00,76.0,91.0,92,4,repeat_last_day,all,audit_2026,2026-09-03T04:00:00+00:00
2026-09-07 00:00:00+00:00,74.0,88.0,93,4,repeat_last_day,all,audit_2026,2026-09-03T04:00:00+00:00
2026-09-07 01:00:00+00:00,74.0,84.0,94,4,repeat_last_day,all,audit_2026,2026-09-03T04:00:00+00:00
2026-09-07 02:00:00+00:00,72.0,82.0,95,4,repeat_last_day,all,audit_2026,2026-09-03T04:00:00+00:00
2026-09-07 03:00:00+00:00,71.0,81.0,96,4,repeat_last_day,all,audit_2026,2026-09-03T04:00:00+00:00
2026-09-07 04:00:00+00:00,70.0,81.0,97,5,repeat_last_day,all,audit_2026,2026-09-03T04:00:00+00:00
2026-09-07 05:00:00+00:00,70.0,81.0,98,5,repeat_last_day,all,audit_2026,2026-09-03T04:00:00+00:00
2026-09-07 06:00:00+00:00,71.0,79.0,99,5,repeat_last_day,all,audit_2026,2026-09-03T04:00:00+00:00
2026-09-07 07:00:00+00:00,70.0,79.0,100,5,repeat_last_day,all,audit_2026,2026-09-03T04:00:00+00:00
2026-09-07 08:00:00+00:00,68.0,77.0,101,5,repeat_last_day,all,audit_2026,2026-09-03T04:00:00+00:00
2026-09-07 09:00:00+00:00,65.0,77.0,102,5,repeat_last_day,all,audit_2026,2026-09-03T04:00:00+00:00
2026-09-07 10:00:00+00:00,64.0,76.0,103,5,repeat_last_day,all,audit_2026,2026-09-03T04:00:00+00:00
2026-09-07 11:00:00+00:00,68.0,78.0,104,5,repeat_last_day,all,audit_2026,2026-09-03T04:00:00+00:00
2026-09-07 12:00:00+00:00,72.0,82.0,105,5,repeat_last_day,all,audit_2026,2026-09-03T04:00:00+00:00
2026-09-07 13:00:00+00:00,77.0,87.0,106,5,repeat_last_day,all,audit_2026,2026-09-03T04:00:00+00:00
2026-09-07 14:00:00+00:00,80.0,91.0,107,5,repeat_last_day,all,audit_2026,2026-09-03T04:00:00+00:00
2026-09-07 15:00:00+00:00,82.0,93.0,108,5,repeat_last_day,all,audit_2026,2026-09-03T04:00:00+00:00
2026-09-07 16:00:00+00:00,83.0,96.0,109,5,repeat_last_day,all,audit_2026,2026-09-03T04:00:00+00:00
2026-09-07 17:00:00+00:00,85.0,99.0,110,5,repeat_last_day,all,audit_2026,2026-09-03T04:00:00+00:00
2026-09-07 18:00:00+00:00,86.0,98.0,111,5,repeat_last_day,all,audit_2026,2026-09-03T04:00:00+00:00
2026-09-07 19:00:00+00:00,85.0,98.0,112,5,repeat_last_day,all,audit_2026,2026-09-03T04:00:00+00:00
2026-09-07 20:00:00+00:00,84.0,98.0,113,5,repeat_last_day,all,audit_2026,2026-09-03T04:00:00+00:00
2026-09-07 21:00:00+00:00,85.0,97.0,114,5,repeat_last_day,all,audit_2026,2026-09-03T04:00:00+00:00
2026-09-07 22:00:00+00:00,82.0,95.0,115,5,repeat_last_day,all,audit_2026,2026-09-03T04:00:00+00:00
2026-09-07 23:00:00+00:00,78.0,91.0,116,5,repeat_last_day,all,audit_2026,2026-09-03T04:00:00+00:00
2026-09-08 00:00:00+00:00,75.0,88.0,117,5,repeat_last_day,all,audit_2026,2026-09-03T04:00:00+00:00
2026-09-08 01:00:00+00:00,74.0,84.0,118,5,repeat_last_day,all,audit_2026,2026-09-03T04:00:00+00:00
2026-09-08 02:00:00+00:00,73.0,82.0,119,5,repeat_last_day,all,audit_2026,2026-09-03T04:00:00+00:00
2026-09-08 03:00:00+00:00,71.0,81.0,120,5,repeat_last_day,all,audit_2026,2026-09-03T04:00:00+00:00
2026-09-08 04:00:00+00:00,70.0,81.0,121,6,repeat_last_day,all,audit_2026,2026-09-03T04:00:00+00:00
2026-09-08 05:00:00+00:00,69.0,81.0,122,6,repeat_last_day,all,audit_2026,2026-09-03T04:00:00+00:00
2026-09-08 06:00:00+00:00,69.0,79.0,123,6,repeat_last_day,all,audit_2026,2026-09-03T04:00:00+00:00
2026-09-08 07:00:00+00:00,66.0,79.0,124,6,repeat_last_day,all,audit_2026,2026-09-03T04:00:00+00:00
2026-09-08 08:00:00+00:00,64.0,77.0,125,6,repeat_last_day,all,audit_2026,2026-09-03T04:00:00+00:00
2026-09-08 09:00:00+00:00,63.0,77.0,126,6,repeat_last_day,all,audit_2026,2026-09-03T04:00:00+00:00
2026-09-08 10:00:00+00:00,62.0,76.0,127,6,repeat_last_day,all,audit_2026,2026-09-03T04:00:00+00:00
2026-09-08 11:00:00+00:00,66.0,78.0,128,6,repeat_last_day,all,audit_2026,2026-09-03T04:00:00+00:00
2026-09-08 12:00:00+00:00,72.0,82.0,129,6,repeat_last_day,all,audit_2026,2026-09-03T04:00:00+00:00
2026-09-08 13:00:00+00:00,75.0,87.0,130,6,repeat_last_day,all,audit_2026,2026-09-03T04:00:00+00:00
2026-09-08 14:00:00+00:00,79.0,91.0,131,6,repeat_last_day,all,audit_2026,2026-09-03T04:00:00+00:00
2026-09-08 15:00:00+00:00,81.0,93.0,132,6,repeat_last_day,all,audit_2026,2026-09-03T04:00:00+00:00
2026-09-08 16:00:00+00:00,83.0,96.0,133,6,repeat_last_day,all,audit_2026,2026-09-03T04:00:00+00:00
2026-09-08 17:00:00+00:00,82.0,99.0,134,6,repeat_last_day,all,audit_2026,2026-09-03T04:00:00+00:00
2026-09-08 18:00:00+00:00,85.0,98.0,135,6,repeat_last_day,all,audit_2026,2026-09-03T04:00:00+00:00
2026-09-08 19:00:00+00:00,86.0,98.0,136,6,repeat_last_day,all,audit_2026,2026-09-03T04:00:00+00:00
2026-09-08 20:00:00+00:00,85.0,98.0,137,6,repeat_last_day,all,audit_2026,2026-09-03T04:00:00+00:00
2026-09-08 21:00:00+00:00,85.0,97.0,138,6,repeat_last_day,all,audit_2026,2026-09-03T04:00:00+00:00
2026-09-08 22:00:00+00:00,82.0,95.0,139,6,repeat_last_day,all,audit_2026,2026-09-03T04:00:00+00:00
2026-09-08 23:00:00+00:00,78.0,91.0,140,6,repeat_last_day,all,audit_2026,2026-09-03T04:00:00+00:00
2026-09-09 00:00:00+00:00,75.0,88.0,141,6,repeat_last_day,all,audit_2026,2026-09-03T04:00:00+00:00
2026-09-09 01:00:00+00:00,73.0,84.0,142,6,repeat_last_day,all,audit_2026,2026-09-03T04:00:00+00:00
2026-09-09 02:00:00+00:00,72.0,82.0,143,6,repeat_last_day,all,audit_2026,2026-09-03T04:00:00+00:00
2026-09-09 03:00:00+00:00,71.0,81.0,144,6,repeat_last_day,all,audit_2026,2026-09-03T04:00:00+00:00
2026-09-09 04:00:00+00:00,69.0,81.0,145,7,repeat_last_day,all,audit_2026,2026-09-03T04:00:00+00:00
2026-09-09 05:00:00+00:00,69.0,81.0,146,7,repeat_last_day,all,audit_2026,2026-09-03T04:00:00+00:00
2026-09-09 06:00:00+00:00,67.0,79.0,147,7,repeat_last_day,all,audit_2026,2026-09-03T04:00:00+00:00
2026-09-09 07:00:00+00:00,63.0,79.0,148,7,repeat_last_day,all,audit_2026,2026-09-03T04:00:00+00:00
2026-09-09 08:00:00+00:00,65.0,77.0,149,7,repeat_last_day,all,audit_2026,2026-09-03T04:00:00+00:00
2026-09-09 09:00:00+00:00,63.0,77.0,150,7,repeat_last_day,all,audit_2026,2026-09-03T04:00:00+00:00
2026-09-09 10:00:00+00:00,63.0,76.0,151,7,repeat_last_day,all,audit_2026,2026-09-03T04:00:00+00:00
2026-09-09 11:00:00+00:00,67.0,78.0,152,7,repeat_last_day,all,audit_2026,2026-09-03T04:00:00+00:00
2026-09-09 12:00:00+00:00,73.0,82.0,153,7,repeat_last_day,all,audit_2026,2026-09-03T04:00:00+00:00
2026-09-09 13:00:00+00:00,78.0,87.0,154,7,repeat_last_day,all,audit_2026,2026-09-03T04:00:00+00:00
2026-09-09 14:00:00+00:00,81.0,91.0,155,7,repeat_last_day,all,audit_2026,2026-09-03T04:00:00+00:00
2026-09-09 15:00:00+00:00,84.0,93.0,156,7,repeat_last_day,all,audit_2026,2026-09-03T04:00:00+00:00
2026-09-09 16:00:00+00:00,86.0,96.0,157,7,repeat_last_day,all,audit_2026,2026-09-03T04:00:00+00:00
2026-09-09 17:00:00+00:00,87.0,99.0,158,7,repeat_last_day,all,audit_2026,2026-09-03T04:00:00+00:00
2026-09-09 18:00:00+00:00,87.0,98.0,159,7,repeat_last_day,all,audit_2026,2026-09-03T04:00:00+00:00
2026-09-09 19:00:00+00:00,89.0,98.0,160,7,repeat_last_day,all,audit_2026,2026-09-03T04:00:00+00:00
2026-09-09 20:00:00+00:00,88.0,98.0,161,7,repeat_last_day,all,audit_2026,2026-09-03T04:00:00+00:00
2026-09-09 21:00:00+00:00,87.0,97.0,162,7,repeat_last_day,all,audit_2026,2026-09-03T04:00:00+00:00
2026-09-09 22:00:00+00:00,85.0,95.0,163,7,repeat_last_day,all,audit_2026,2026-09-03T04:00:00+00:00
2026-09-09 23:00:00+00:00,80.0,91.0,164,7,repeat_last_day,all,audit_2026,2026-09-03T04:00:00+00:00
2026-09-10 00:00:00+00:00,79.0,88.0,165,7,repeat_last_day,all,audit_2026,2026-09-03T04:00:00+00:00
2026-09-10 01:00:00+00:00,78.0,84.0,166,7,repeat_last_day,all,audit_2026,2026-09-03T04:00:00+00:00
2026-09-10 02:00:00+00:00,77.0,82.0,167,7,repeat_last_day,all,audit_2026,2026-09-03T04:00:00+00:00
2026-09-10 03:00:00+00:00,76.0,81.0,168,7,repeat_last_day,all,audit_2026,2026-09-03T04:00:00+00:00
2026-09-10 04:00:00+00:00,75.0,81.0,169,8,repeat_last_day,all,audit_2026,2026-09-03T04:00:00+00:00
2026-09-10 05:00:00+00:00,74.0,81.0,170,8,repeat_last_day,all,audit_2026,2026-09-03T04:00:00+00:00
2026-09-10 06:00:00+00:00,73.0,79.0,171,8,repeat_last_day,all,audit_2026,2026-09-03T04:00:00+00:00
2026-09-10 07:00:00+00:00,73.0,79.0,172,8,repeat_last_day,all,audit_2026,2026-09-03T04:00:00+00:00
2026-09-10 08:00:00+00:00,72.0,77.0,173,8,repeat_last_day,all,audit_2026,2026-09-03T04:00:00+00:00
2026-09-10 09:00:00+00:00,72.0,77.0,174,8,repeat_last_day,all,audit_2026,2026-09-03T04:00:00+00:00
2026-09-10 10:00:00+00:00,71.0,76.0,175,8,repeat_last_day,all,audit_2026,2026-09-03T04:00:00+00:00
2026-09-10 11:00:00+00:00,73.0,78.0,176,8,repeat_last_day,all,audit_2026,2026-09-03T04:00:00+00:00
2026-09-10 12:00:00+00:00,76.0,82.0,177,8,repeat_last_day,all,audit_2026,2026-09-03T04:00:00+00:00
2026-09-10 13:00:00+00:00,81.0,87.0,178,8,repeat_last_day,all,audit_2026,2026-09-03T04:00:00+00:00
2026-09-10 14:00:00+00:00,86.0,91.0,179,8,repeat_last_day,all,audit_2026,2026-09-03T04:00:00+00:00
2026-09-10 15:00:00+00:00,89.0,93.0,180,8,repeat_last_day,all,audit_2026,2026-09-03T04:00:00+00:00
2026-09-10 16:00:00+00:00,93.0,96.0,181,8,repeat_last_day,all,audit_2026,2026-09-03T04:00:00+00:00
2026-09-10 17:00:00+00:00,94.0,99.0,182,8,repeat_last_day,all,audit_2026,2026-09-03T04:00:00+00:00
2026-09-10 18:00:00+00:00,96.0,98.0,183,8,repeat_last_day,all,audit_2026,2026-09-03T04:00:00+00:00
2026-09-10 19:00:00+00:00,94.0,98.0,184,8,repeat_last_day,all,audit_2026,2026-09-03T04:00:00+00:00
2026-09-10 20:00:00+00:00,94.0,98.0,185,8,repeat_last_day,all,audit_2026,2026-09-03T04:00:00+00:00
2026-09-10 21:00:00+00:00,93.0,97.0,186,8,repeat_last_day,all,audit_2026,2026-09-03T04:00:00+00:00
2026-09-10 22:00:00+00:00,90.0,95.0,187,8,repeat_last_day,all,audit_2026,2026-09-03T04:00:00+00:00
2026-09-10 23:00:00+00:00,86.0,91.0,188,8,repeat_last_day,all,audit_2026,2026-09-03T04:00:00+00:00
2026-09-11 00:00:00+00:00,85.0,88.0,189,8,repeat_last_day,all,audit_2026,2026-09-03T04:00:00+00:00
2026-09-11 01:00:00+00:00,83.0,84.0,190,8,repeat_last_day,all,audit_2026,2026-09-03T04:00:00+00:00
2026-09-11 02:00:00+00:00,81.0,82.0,191,8,repeat_last_day,all,audit_2026,2026-09-03T04:00:00+00:00
2026-09-11 03:00:00+00:00,80.0,81.0,192,8,repeat_last_day,all,audit_2026,2026-09-03T04:00:00+00:00
2026-09-11 04:00:00+00:00,79.0,81.0,193,9,repeat_last_day,all,audit_2026,2026-09-03T04:00:00+00:00
2026-09-11 05:00:00+00:00,77.0,81.0,194,9,repeat_last_day,all,audit_2026,2026-09-03T04:00:00+00:00
2026-09-11 06:00:00+00:00,77.0,79.0,195,9,repeat_last_day,all,audit_2026,2026-09-03T04:00:00+00:00
2026-09-11 07:00:00+00:00,76.0,79.0,196,9,repeat_last_day,all,audit_2026,2026-09-03T04:00:00+00:00
2026-09-11 08:00:00+00:00,75.0,77.0,197,9,repeat_last_day,all,audit_2026,2026-09-03T04:00:00+00:00
2026-09-11 09:00:00+00:00,74.0,77.0,198,9,repeat_last_day,all,audit_2026,2026-09-03T04:00:00+00:00
2026-09-11 10:00:00+00:00,74.0,76.0,199,9,repeat_last_day,all,audit_2026,2026-09-03T04:00:00+00:00
2026-09-11 11:00:00+00:00,76.0,78.0,200,9,repeat_last_day,all,audit_2026,2026-09-03T04:00:00+00:00
2026-09-11 12:00:00+00:00,80.0,82.0,201,9,repeat_last_day,all,audit_2026,2026-09-03T04:00:00+00:00
2026-09-11 13:00:00+00:00,84.0,87.0,202,9,repeat_last_day,all,audit_2026,2026-09-03T04:00:00+00:00
2026-09-11 14:00:00+00:00,88.0,91.0,203,9,repeat_last_day,all,audit_2026,2026-09-03T04:00:00+00:00
2026-09-11 15:00:00+00:00,91.0,93.0,204,9,repeat_last_day,all,audit_2026,2026-09-03T04:00:00+00:00
2026-09-11 16:00:00+00:00,92.0,96.0,205,9,repeat_last_day,all,audit_2026,2026-09-03T04:00:00+00:00
2026-09-11 17:00:00+00:00,94.0,99.0,206,9,repeat_last_day,all,audit_2026,2026-09-03T04:00:00+00:00
2026-09-11 18:00:00+00:00,95.0,98.0,207,9,repeat_last_day,all,audit_2026,2026-09-03T04:00:00+00:00
2026-09-11 19:00:00+00:00,97.0,98.0,208,9,repeat_last_day,all,audit_2026,2026-09-03T04:00:00+00:00
2026-09-11 20:00:00+00:00,94.0,98.0,209,9,repeat_last_day,all,audit_2026,2026-09-03T04:00:00+00:00
2026-09-11 21:00:00+00:00,91.0,97.0,210,9,repeat_last_day,all,audit_2026,2026-09-03T04:00:00+00:00
2026-09-11 22:00:00+00:00,88.0,95.0,211,9,repeat_last_day,all,audit_2026,2026-09-03T04:00:00+00:00
2026-09-11 23:00:00+00:00,77.0,91.0,212,9,repeat_last_day,all,audit_2026,2026-09-03T04:00:00+00:00
2026-09-12 00:00:00+00:00,77.0,88.0,213,9,repeat_last_day,all,audit_2026,2026-09-03T04:00:00+00:00
2026-09-12 01:00:00+00:00,74.0,84.0,214,9,repeat_last_day,all,audit_2026,2026-09-03T04:00:00+00:00
2026-09-12 02:00:00+00:00,76.0,82.0,215,9,repeat_last_day,all,audit_2026,2026-09-03T04:00:00+00:00
2026-09-12 03:00:00+00:00,75.0,81.0,216,9,repeat_last_day,all,audit_2026,2026-09-03T04:00:00+00:00
2026-09-12 04:00:00+00:00,75.0,81.0,217,10,repeat_last_day,all,audit_2026,2026-09-03T04:00:00+00:00
2026-09-12 05:00:00+00:00,75.0,81.0,218,10,repeat_last_day,all,audit_2026,2026-09-03T04:00:00+00:00
2026-09-12 06:00:00+00:00,74.0,79.0,219,10,repeat_last_day,all,audit_2026,2026-09-03T04:00:00+00:00
2026-09-12 07:00:00+00:00,74.0,79.0,220,10,repeat_last_day,all,audit_2026,2026-09-03T04:00:00+00:00
2026-09-12 08:00:00+00:00,74.0,77.0,221,10,repeat_last_day,all,audit_2026,2026-09-03T04:00:00+00:00
2026-09-12 09:00:00+00:00,74.0,77.0,222,10,repeat_last_day,all,audit_2026,2026-09-03T04:00:00+00:00
2026-09-12 10:00:00+00:00,74.0,76.0,223,10,repeat_last_day,all,audit_2026,2026-09-03T04:00:00+00:00
2026-09-12 11:00:00+00:00,75.0,78.0,224,10,repeat_last_day,all,audit_2026,2026-09-03T04:00:00+00:00
2026-09-12 12:00:00+00:00,77.0,82.0,225,10,repeat_last_day,all,audit_2026,2026-09-03T04:00:00+00:00
2026-09-12 13:00:00+00:00,78.0,87.0,226,10,repeat_last_day,all,audit_2026,2026-09-03T04:00:00+00:00
2026-09-12 14:00:00+00:00,82.0,91.0,227,10,repeat_last_day,all,audit_2026,2026-09-03T04:00:00+00:00
2026-09-12 15:00:00+00:00,83.0,93.0,228,10,repeat_last_day,all,audit_2026,2026-09-03T04:00:00+00:00
2026-09-12 16:00:00+00:00,85.0,96.0,229,10,repeat_last_day,all,audit_2026,2026-09-03T04:00:00+00:00
2026-09-12 17:00:00+00:00,78.0,99.0,230,10,repeat_last_day,all,audit_2026,2026-09-03T04:00:00+00:00
2026-09-12 18:00:00+00:00,82.0,98.0,231,10,repeat_last_day,all,audit_2026,2026-09-03T04:00:00+00:00
2026-09-12 19:00:00+00:00,80.0,98.0,232,10,repeat_last_day,all,audit_2026,2026-09-03T04:00:00+00:00
2026-09-12 20:00:00+00:00,81.0,98.0,233,10,repeat_last_day,all,audit_2026,2026-09-03T04:00:00+00:00
2026-09-12 21:00:00+00:00,79.0,97.0,234,10,repeat_last_day,all,audit_2026,2026-09-03T04:00:00+00:00
2026-09-12 22:00:00+00:00,78.0,95.0,235,10,repeat_last_day,all,audit_2026,2026-09-03T04:00:00+00:00
2026-09-12 23:00:00+00:00,77.0,91.0,236,10,repeat_last_day,all,audit_2026,2026-09-03T04:00:00+00:00
2026-09-13 00:00:00+00:00,77.0,88.0,237,10,repeat_last_day,all,audit_2026,2026-09-03T04:00:00+00:00
2026-09-13 01:00:00+00:00,76.0,84.0,238,10,repeat_last_day,all,audit_2026,2026-09-03T04:00:00+00:00
2026-09-13 02:00:00+00:00,77.0,82.0,239,10,repeat_last_day,all,audit_2026,2026-09-03T04:00:00+00:00
2026-09-13 03:00:00+00:00,77.0,81.0,240,10,repeat_last_day,all,audit_2026,2026-09-03T04:00:00+00:00
2026-09-13 04:00:00+00:00,77.0,81.0,241,11,repeat_last_day,all,audit_2026,2026-09-03T04:00:00+00:00
2026-09-13 05:00:00+00:00,76.0,81.0,242,11,repeat_last_day,all,audit_2026,2026-09-03T04:00:00+00:00
2026-09-13 06:00:00+00:00,75.0,79.0,243,11,repeat_last_day,all,audit_2026,2026-09-03T04:00:00+00:00
2026-09-13 07:00:00+00:00,75.0,79.0,244,11,repeat_last_day,all,audit_2026,2026-09-03T04:00:00+00:00
2026-09-13 08:00:00+00:00,75.0,77.0,245,11,repeat_last_day,all,audit_2026,2026-09-03T04:00:00+00:00
2026-09-13 09:00:00+00:00,75.0,77.0,246,11,repeat_last_day,all,audit_2026,2026-09-03T04:00:00+00:00
2026-09-13 10:00:00+00:00,75.0,76.0,247,11,repeat_last_day,all,audit_2026,2026-09-03T04:00:00+00:00
2026-09-13 11:00:00+00:00,75.0,78.0,248,11,repeat_last_day,all,audit_2026,2026-09-03T04:00:00+00:00
2026-09-13 12:00:00+00:00,76.0,82.0,249,11,repeat_last_day,all,audit_2026,2026-09-03T04:00:00+00:00
2026-09-13 13:00:00+00:00,78.0,87.0,250,11,repeat_last_day,all,audit_2026,2026-09-03T04:00:00+00:00
2026-09-13 14:00:00+00:00,79.0,91.0,251,11,repeat_last_day,all,audit_2026,2026-09-03T04:00:00+00:00
2026-09-13 15:00:00+00:00,81.0,93.0,252,11,repeat_last_day,all,audit_2026,2026-09-03T04:00:00+00:00
2026-09-13 16:00:00+00:00,83.0,96.0,253,11,repeat_last_day,all,audit_2026,2026-09-03T04:00:00+00:00
2026-09-13 17:00:00+00:00,86.0,99.0,254,11,repeat_last_day,all,audit_2026,2026-09-03T04:00:00+00:00
2026-09-13 18:00:00+00:00,87.0,98.0,255,11,repeat_last_day,all,audit_2026,2026-09-03T04:00:00+00:00
2026-09-13 19:00:00+00:00,88.0,98.0,256,11,repeat_last_day,all,audit_2026,2026-09-03T04:00:00+00:00
2026-09-13 20:00:00+00:00,90.0,98.0,257,11,repeat_last_day,all,audit_2026,2026-09-03T04:00:00+00:00
2026-09-13 21:00:00+00:00,89.0,97.0,258,11,repeat_last_day,all,audit_2026,2026-09-03T04:00:00+00:00
2026-09-13 22:00:00+00:00,87.0,95.0,259,11,repeat_last_day,all,audit_2026,2026-09-03T04:00:00+00:00
2026-09-13 23:00:00+00:00,82.0,91.0,260,11,repeat_last_day,all,audit_2026,2026-09-03T04:00:00+00:00
2026-09-14 00:00:00+00:00,81.0,88.0,261,11,repeat_last_day,all,audit_2026,2026-09-03T04:00:00+00:00
2026-09-14 01:00:00+00:00,80.0,84.0,262,11,repeat_last_day,all,audit_2026,2026-09-03T04:00:00+00:00
2026-09-14 02:00:00+00:00,79.0,82.0,263,11,repeat_last_day,all,audit_2026,2026-09-03T04:00:00+00:00
2026-09-14 03:00:00+00:00,78.0,81.0,264,11,repeat_last_day,all,audit_2026,2026-09-03T04:00:00+00:00
2026-09-14 04:00:00+00:00,77.0,81.0,265,12,repeat_last_day,all,audit_2026,2026-09-03T04:00:00+00:00
2026-09-14 05:00:00+00:00,77.0,81.0,266,12,repeat_last_day,all,audit_2026,2026-09-03T04:00:00+00:00
2026-09-14 06:00:00+00:00,74.0,79.0,267,12,repeat_last_day,all,audit_2026,2026-09-03T04:00:00+00:00
2026-09-14 07:00:00+00:00,75.0,79.0,268,12,repeat_last_day,all,audit_2026,2026-09-03T04:00:00+00:00
2026-09-14 08:00:00+00:00,73.0,77.0,269,12,repeat_last_day,all,audit_2026,2026-09-03T04:00:00+00:00
2026-09-14 09:00:00+00:00,72.0,77.0,270,12,repeat_last_day,all,audit_2026,2026-09-03T04:00:00+00:00
2026-09-14 10:00:00+00:00,71.0,76.0,271,12,repeat_last_day,all,audit_2026,2026-09-03T04:00:00+00:00
2026-09-14 11:00:00+00:00,73.0,78.0,272,12,repeat_last_day,all,audit_2026,2026-09-03T04:00:00+00:00
2026-09-14 12:00:00+00:00,78.0,82.0,273,12,repeat_last_day,all,audit_2026,2026-09-03T04:00:00+00:00
2026-09-14 13:00:00+00:00,84.0,87.0,274,12,repeat_last_day,all,audit_2026,2026-09-03T04:00:00+00:00
2026-09-14 14:00:00+00:00,86.0,91.0,275,12,repeat_last_day,all,audit_2026,2026-09-03T04:00:00+00:00
2026-09-14 15:00:00+00:00,88.0,93.0,276,12,repeat_last_day,all,audit_2026,2026-09-03T04:00:00+00:00
2026-09-14 16:00:00+00:00,88.0,96.0,277,12,repeat_last_day,all,audit_2026,2026-09-03T04:00:00+00:00
2026-09-14 17:00:00+00:00,89.0,99.0,278,12,repeat_last_day,all,audit_2026,2026-09-03T04:00:00+00:00
2026-09-14 18:00:00+00:00,90.0,98.0,279,12,repeat_last_day,all,audit_2026,2026-09-03T04:00:00+00:00
2026-09-14 19:00:00+00:00,89.0,98.0,280,12,repeat_last_day,all,audit_2026,2026-09-03T04:00:00+00:00
2026-09-14 20:00:00+00:00,89.0,98.0,281,12,repeat_last_day,all,audit_2026,2026-09-03T04:00:00+00:00
2026-09-14 21:00:00+00:00,88.0,97.0,282,12,repeat_last_day,all,audit_2026,2026-09-03T04:00:00+00:00
2026-09-14 22:00:00+00:00,84.0,95.0,283,12,repeat_last_day,all,audit_2026,2026-09-03T04:00:00+00:00
2026-09-14 23:00:00+00:00,81.0,91.0,284,12,repeat_last_day,all,audit_2026,2026-09-03T04:00:00+00:00
2026-09-15 00:00:00+00:00,80.0,88.0,285,12,repeat_last_day,all,audit_2026,2026-09-03T04:00:00+00:00
2026-09-15 01:00:00+00:00,78.0,84.0,286,12,repeat_last_day,all,audit_2026,2026-09-03T04:00:00+00:00
2026-09-15 02:00:00+00:00,76.0,82.0,287,12,repeat_last_day,all,audit_2026,2026-09-03T04:00:00+00:00
2026-09-15 03:00:00+00:00,74.0,81.0,288,12,repeat_last_day,all,audit_2026,2026-09-03T04:00:00+00:00
2026-09-15 04:00:00+00:00,71.0,81.0,289,13,repeat_last_day,all,audit_2026,2026-09-03T04:00:00+00:00
2026-09-15 05:00:00+00:00,70.0,81.0,290,13,repeat_last_day,all,audit_2026,2026-09-03T04:00:00+00:00
2026-09-15 06:00:00+00:00,68.0,79.0,291,13,repeat_last_day,all,audit_2026,2026-09-03T04:00:00+00:00
2026-09-15 07:00:00+00:00,67.0,79.0,292,13,repeat_last_day,all,audit_2026,2026-09-03T04:00:00+00:00
2026-09-15 08:00:00+00:00,66.0,77.0,293,13,repeat_last_day,all,audit_2026,2026-09-03T04:00:00+00:00
2026-09-15 09:00:00+00:00,64.0,77.0,294,13,repeat_last_day,all,audit_2026,2026-09-03T04:00:00+00:00
2026-09-15 10:00:00+00:00,63.0,76.0,295,13,repeat_last_day,all,audit_2026,2026-09-03T04:00:00+00:00
2026-09-15 11:00:00+00:00,66.0,78.0,296,13,repeat_last_day,all,audit_2026,2026-09-03T04:00:00+00:00
2026-09-15 12:00:00+00:00,69.0,82.0,297,13,repeat_last_day,all,audit_2026,2026-09-03T04:00:00+00:00
2026-09-15 13:00:00+00:00,74.0,87.0,298,13,repeat_last_day,all,audit_2026,2026-09-03T04:00:00+00:00
2026-09-15 14:00:00+00:00,76.0,91.0,299,13,repeat_last_day,all,audit_2026,2026-09-03T04:00:00+00:00
2026-09-15 15:00:00+00:00,77.0,93.0,300,13,repeat_last_day,all,audit_2026,2026-09-03T04:00:00+00:00
2026-09-15 16:00:00+00:00,77.0,96.0,301,13,repeat_last_day,all,audit_2026,2026-09-03T04:00:00+00:00
2026-09-15 17:00:00+00:00,81.0,99.0,302,13,repeat_last_day,all,audit_2026,2026-09-03T04:00:00+00:00
2026-09-15 18:00:00+00:00,81.0,98.0,303,13,repeat_last_day,all,audit_2026,2026-09-03T04:00:00+00:00
2026-09-15 19:00:00+00:00,82.0,98.0,304,13,repeat_last_day,all,audit_2026,2026-09-03T04:00:00+00:00
2026-09-15 20:00:00+00:00,82.0,98.0,305,13,repeat_last_day,all,audit_2026,2026-09-03T04:00:00+00:00
2026-09-15 21:00:00+00:00,82.0,97.0,306,13,repeat_last_day,all,audit_2026,2026-09-03T04:00:00+00:00
2026-09-15 22:00:00+00:00,78.0,95.0,307,13,repeat_last_day,all,audit_2026,2026-09-03T04:00:00+00:00
2026-09-15 23:00:00+00:00,75.0,91.0,308,13,repeat_last_day,all,audit_2026,2026-09-03T04:00:00+00:00
2026-09-16 00:00:00+00:00,73.0,88.0,309,13,repeat_last_day,all,audit_2026,2026-09-03T04:00:00+00:00
2026-09-16 01:00:00+00:00,71.0,84.0,310,13,repeat_last_day,all,audit_2026,2026-09-03T04:00:00+00:00
2026-09-16 02:00:00+00:00,69.0,82.0,311,13,repeat_last_day,all,audit_2026,2026-09-03T04:00:00+00:00
2026-09-16 03:00:00+00:00,68.0,81.0,312,13,repeat_last_day,all,audit_2026,2026-09-03T04:00:00+00:00
2026-09-16 04:00:00+00:00,68.0,81.0,313,14,repeat_last_day,all,audit_2026,2026-09-03T04:00:00+00:00
2026-09-16 05:00:00+00:00,67.0,81.0,314,14,repeat_last_day,all,audit_2026,2026-09-03T04:00:00+00:00
2026-09-16 06:00:00+00:00,66.0,79.0,315,14,repeat_last_day,all,audit_2026,2026-09-03T04:00:00+00:00
2026-09-16 07:00:00+00:00,64.0,79.0,316,14,repeat_last_day,all,audit_2026,2026-09-03T04:00:00+00:00
2026-09-16 08:00:00+00:00,63.0,77.0,317,14,repeat_last_day,all,audit_2026,2026-09-03T04:00:00+00:00
2026-09-16 09:00:00+00:00,61.0,77.0,318,14,repeat_last_day,all,audit_2026,2026-09-03T04:00:00+00:00
2026-09-16 10:00:00+00:00,61.0,76.0,319,14,repeat_last_day,all,audit_2026,2026-09-03T04:00:00+00:00
2026-09-16 11:00:00+00:00,63.0,78.0,320,14,repeat_last_day,all,audit_2026,2026-09-03T04:00:00+00:00
2026-09-16 12:00:00+00:00,69.0,82.0,321,14,repeat_last_day,all,audit_2026,2026-09-03T04:00:00+00:00
2026-09-16 13:00:00+00:00,73.0,87.0,322,14,repeat_last_day,all,audit_2026,2026-09-03T04:00:00+00:00
2026-09-16 14:00:00+00:00,78.0,91.0,323,14,repeat_last_day,all,audit_2026,2026-09-03T04:00:00+00:00
2026-09-16 15:00:00+00:00,80.0,93.0,324,14,repeat_last_day,all,audit_2026,2026-09-03T04:00:00+00:00
2026-09-16 16:00:00+00:00,82.0,96.0,325,14,repeat_last_day,all,audit_2026,2026-09-03T04:00:00+00:00
2026-09-16 17:00:00+00:00,83.0,99.0,326,14,repeat_last_day,all,audit_2026,2026-09-03T04:00:00+00:00
2026-09-16 18:00:00+00:00,84.0,98.0,327,14,repeat_last_day,all,audit_2026,2026-09-03T04:00:00+00:00
2026-09-16 19:00:00+00:00,86.0,98.0,328,14,repeat_last_day,all,audit_2026,2026-09-03T04:00:00+00:00
2026-09-16 20:00:00+00:00,86.0,98.0,329,14,repeat_last_day,all,audit_2026,2026-09-03T04:00:00+00:00
2026-09-16 21:00:00+00:00,85.0,97.0,330,14,repeat_last_day,all,audit_2026,2026-09-03T04:00:00+00:00
2026-09-16 22:00:00+00:00,83.0,95.0,331,14,repeat_last_day,all,audit_2026,2026-09-03T04:00:00+00:00
2026-09-16 23:00:00+00:00,78.0,91.0,332,14,repeat_last_day,all,audit_2026,2026-09-03T04:00:00+00:00
2026-09-17 00:00:00+00:00,76.0,88.0,333,14,repeat_last_day,all,audit_2026,2026-09-03T04:00:00+00:00
2026-09-17 01:00:00+00:00,72.0,84.0,334,14,repeat_last_day,all,audit_2026,2026-09-03T04:00:00+00:00
2026-09-17 02:00:00+00:00,71.0,82.0,335,14,repeat_last_day,all,audit_2026,2026-09-03T04:00:00+00:00
2026-09-17 03:00:00+00:00,70.0,81.0,336,14,repeat_last_day,all,audit_2026,2026-09-03T04:00:00+00:00
2026-09-03 04:00:00+00:00,80.0,80.31911020268083,1,1,linear_regression,all,audit_2026,2026-09-03T04:00:00+00:00
2026-09-03 05:00:00+00:00,78.0,79.38189391496392,2,1,linear_regression,all,audit_2026,2026-09-03T04:00:00+00:00
2026-09-03 06:00:00+00:00,77.0,78.63185707127573,3,1,linear_regression,all,audit_2026,2026-09-03T04:00:00+00:00
2026-09-03 07:00:00+00:00,76.0,78.01203957224547,4,1,linear_regression,all,audit_2026,2026-09-03T04:00:00+00:00
2026-09-03 08:00:00+00:00,77.0,77.42069414030817,5,1,linear_regression,all,audit_2026,2026-09-03T04:00:00+00:00
2026-09-03 09:00:00+00:00,77.0,76.95645875340924,6,1,linear_regression,all,audit_2026,2026-09-03T04:00:00+00:00
2026-09-03 10:00:00+00:00,77.0,77.0189600832551,7,1,linear_regression,all,audit_2026,2026-09-03T04:00:00+00:00
2026-09-03 11:00:00+00:00,79.0,78.080909846078,8,1,linear_regression,all,audit_2026,2026-09-03T04:00:00+00:00
2026-09-03 12:00:00+00:00,82.0,80.2830047639942,9,1,linear_regression,all,audit_2026,2026-09-03T04:00:00+00:00
2026-09-03 13:00:00+00:00,87.0,83.21879348341811,10,1,linear_regression,all,audit_2026,2026-09-03T04:00:00+00:00
2026-09-03 14:00:00+00:00,91.0,86.13767454136588,11,1,linear_regression,all,audit_2026,2026-09-03T04:00:00+00:00
2026-09-03 15:00:00+00:00,95.0,88.41582763374943,12,1,linear_regression,all,audit_2026,2026-09-03T04:00:00+00:00
2026-09-03 16:00:00+00:00,96.0,89.89032747165976,13,1,linear_regression,all,audit_2026,2026-09-03T04:00:00+00:00
2026-09-03 17:00:00+00:00,101.0,90.77545430414641,14,1,linear_regression,all,audit_2026,2026-09-03T04:00:00+00:00
2026-09-03 18:00:00+00:00,97.0,91.27161152912184,15,1,linear_regression,all,audit_2026,2026-09-03T04:00:00+00:00
2026-09-03 19:00:00+00:00,100.0,91.26195145005532,16,1,linear_regression,all,audit_2026,2026-09-03T04:00:00+00:00
2026-09-03 20:00:00+00:00,97.0,90.39563732235275,17,1,linear_regression,all,audit_2026,2026-09-03T04:00:00+00:00
2026-09-03 21:00:00+00:00,95.0,88.47423973060319,18,1,linear_regression,all,audit_2026,2026-09-03T04:00:00+00:00
2026-09-03 22:00:00+00:00,84.0,85.76031743050942,19,1,linear_regression,all,audit_2026,2026-09-03T04:00:00+00:00
2026-09-03 23:00:00+00:00,83.0,82.9000692521778,20,1,linear_regression,all,audit_2026,2026-09-03T04:00:00+00:00
2026-09-04 00:00:00+00:00,84.0,80.51879216481277,21,1,linear_regression,all,audit_2026,2026-09-03T04:00:00+00:00
2026-09-04 01:00:00+00:00,83.0,78.84669355186365,22,1,linear_regression,all,audit_2026,2026-09-03T04:00:00+00:00
2026-09-04 02:00:00+00:00,85.0,77.6932288655061,23,1,linear_regression,all,audit_2026,2026-09-03T04:00:00+00:00
2026-09-04 03:00:00+00:00,83.0,76.7369038724891,24,1,linear_regression,all,audit_2026,2026-09-03T04:00:00+00:00
2026-09-04 04:00:00+00:00,81.0,75.82722868360126,25,2,linear_regression,all,audit_2026,2026-09-03T04:00:00+00:00
2026-09-04 05:00:00+00:00,80.0,75.02449017938879,26,2,linear_regression,all,audit_2026,2026-09-03T04:00:00+00:00
2026-09-04 06:00:00+00:00,79.0,74.40695046630202,27,2,linear_regression,all,audit_2026,2026-09-03T04:00:00+00:00
2026-09-04 07:00:00+00:00,78.0,73.91705782606084,28,2,linear_regression,all,audit_2026,2026-09-03T04:00:00+00:00
2026-09-04 08:00:00+00:00,77.0,73.45265751280827,29,2,linear_regression,all,audit_2026,2026-09-03T04:00:00+00:00
2026-09-04 09:00:00+00:00,77.0,73.11213862749321,30,2,linear_regression,all,audit_2026,2026-09-03T04:00:00+00:00
2026-09-04 10:00:00+00:00,76.0,73.29501146325545,31,2,linear_regression,all,audit_2026,2026-09-03T04:00:00+00:00
2026-09-04 11:00:00+00:00,78.0,74.47397733840408,32,2,linear_regression,all,audit_2026,2026-09-03T04:00:00+00:00
2026-09-04 12:00:00+00:00,81.0,76.789802014574,33,2,linear_regression,all,audit_2026,2026-09-03T04:00:00+00:00
2026-09-04 13:00:00+00:00,85.0,79.83615666961502,34,2,linear_regression,all,audit_2026,2026-09-03T04:00:00+00:00
2026-09-04 14:00:00+00:00,89.0,82.86259128618508,35,2,linear_regression,all,audit_2026,2026-09-03T04:00:00+00:00
2026-09-04 15:00:00+00:00,92.0,85.24544354583844,36,2,linear_regression,all,audit_2026,2026-09-03T04:00:00+00:00
2026-09-04 16:00:00+00:00,94.0,86.82193333417962,37,2,linear_regression,all,audit_2026,2026-09-03T04:00:00+00:00
2026-09-04 17:00:00+00:00,97.0,87.80645766211559,38,2,linear_regression,all,audit_2026,2026-09-03T04:00:00+00:00
2026-09-04 18:00:00+00:00,99.0,88.39949699084806,39,2,linear_regression,all,audit_2026,2026-09-03T04:00:00+00:00
2026-09-04 19:00:00+00:00,98.0,88.48423436990224,40,2,linear_regression,all,audit_2026,2026-09-03T04:00:00+00:00
2026-09-04 20:00:00+00:00,97.0,87.70981563238803,41,2,linear_regression,all,audit_2026,2026-09-03T04:00:00+00:00
2026-09-04 21:00:00+00:00,93.0,85.87774851980534,42,2,linear_regression,all,audit_2026,2026-09-03T04:00:00+00:00
2026-09-04 22:00:00+00:00,91.0,83.25049043440848,43,2,linear_regression,all,audit_2026,2026-09-03T04:00:00+00:00
2026-09-04 23:00:00+00:00,91.0,80.47411073500476,44,2,linear_regression,all,audit_2026,2026-09-03T04:00:00+00:00
2026-09-05 00:00:00+00:00,85.0,78.17376179037555,45,2,linear_regression,all,audit_2026,2026-09-03T04:00:00+00:00
2026-09-05 01:00:00+00:00,85.0,76.57950580350753,46,2,linear_regression,all,audit_2026,2026-09-03T04:00:00+00:00
2026-09-05 02:00:00+00:00,79.0,75.50066745591226,47,2,linear_regression,all,audit_2026,2026-09-03T04:00:00+00:00
2026-09-05 03:00:00+00:00,77.0,74.61565045352474,48,2,linear_regression,all,audit_2026,2026-09-03T04:00:00+00:00
2026-09-05 04:00:00+00:00,78.0,73.77390409921269,49,3,linear_regression,all,audit_2026,2026-09-03T04:00:00+00:00
2026-09-05 05:00:00+00:00,77.0,73.03570557115412,50,3,linear_regression,all,audit_2026,2026-09-03T04:00:00+00:00
2026-09-05 06:00:00+00:00,77.0,72.47936480360131,51,3,linear_regression,all,audit_2026,2026-09-03T04:00:00+00:00
2026-09-05 07:00:00+00:00,76.0,72.04743793977464,52,3,linear_regression,all,audit_2026,2026-09-03T04:00:00+00:00
2026-09-05 08:00:00+00:00,76.0,71.63793649551246,53,3,linear_regression,all,audit_2026,2026-09-03T04:00:00+00:00
2026-09-05 09:00:00+00:00,76.0,71.3494685380632,54,3,linear_regression,all,audit_2026,2026-09-03T04:00:00+00:00
2026-09-05 10:00:00+00:00,74.0,71.5818066336992,55,3,linear_regression,all,audit_2026,2026-09-03T04:00:00+00:00
2026-09-05 11:00:00+00:00,76.0,72.80794520031233,56,3,linear_regression,all,audit_2026,2026-09-03T04:00:00+00:00
2026-09-05 12:00:00+00:00,80.0,75.16895919881912,57,3,linear_regression,all,audit_2026,2026-09-03T04:00:00+00:00
2026-09-05 13:00:00+00:00,84.0,78.25882912806595,58,3,linear_regression,all,audit_2026,2026-09-03T04:00:00+00:00
2026-09-05 14:00:00+00:00,89.0,81.32739826959245,59,3,linear_regression,all,audit_2026,2026-09-03T04:00:00+00:00
2026-09-05 15:00:00+00:00,92.0,83.75126637283994,60,3,linear_regression,all,audit_2026,2026-09-03T04:00:00+00:00
2026-09-05 16:00:00+00:00,94.0,85.3678709266644,61,3,linear_regression,all,audit_2026,2026-09-03T04:00:00+00:00
2026-09-05 17:00:00+00:00,95.0,86.39177173016223,62,3,linear_regression,all,audit_2026,2026-09-03T04:00:00+00:00
2026-09-05 18:00:00+00:00,96.0,87.02355046334112,63,3,linear_regression,all,audit_2026,2026-09-03T04:00:00+00:00
2026-09-05 19:00:00+00:00,77.0,87.14642713530807,64,3,linear_regression,all,audit_2026,2026-09-03T04:00:00+00:00
2026-09-05 20:00:00+00:00,76.0,86.40952184534846,65,3,linear_regression,all,audit_2026,2026-09-03T04:00:00+00:00
2026-09-05 21:00:00+00:00,77.0,84.61425962950388,66,3,linear_regression,all,audit_2026,2026-09-03T04:00:00+00:00
2026-09-05 22:00:00+00:00,78.0,82.0229677063613,67,3,linear_regression,all,audit_2026,2026-09-03T04:00:00+00:00
2026-09-05 23:00:00+00:00,78.0,79.28155039486161,68,3,linear_regression,all,audit_2026,2026-09-03T04:00:00+00:00
2026-09-06 00:00:00+00:00,76.0,77.01497506012556,69,3,linear_regression,all,audit_2026,2026-09-03T04:00:00+00:00
2026-09-06 01:00:00+00:00,75.0,75.4531150856465,70,3,linear_regression,all,audit_2026,2026-09-03T04:00:00+00:00
2026-09-06 02:00:00+00:00,77.0,74.40511881895594,71,3,linear_regression,all,audit_2026,2026-09-03T04:00:00+00:00
2026-09-06 03:00:00+00:00,76.0,73.54924145816017,72,3,linear_regression,all,audit_2026,2026-09-03T04:00:00+00:00
2026-09-06 04:00:00+00:00,75.0,72.73482495471424,73,4,linear_regression,all,audit_2026,2026-09-03T04:00:00+00:00
2026-09-06 05:00:00+00:00,73.0,72.0220906984923,74,4,linear_regression,all,audit_2026,2026-09-03T04:00:00+00:00
2026-09-06 06:00:00+00:00,71.0,71.48935116773087,75,4,linear_regression,all,audit_2026,2026-09-03T04:00:00+00:00
2026-09-06 07:00:00+00:00,73.0,71.07922604811954,76,4,linear_regression,all,audit_2026,2026-09-03T04:00:00+00:00
2026-09-06 08:00:00+00:00,73.0,70.68984977491404,77,4,linear_regression,all,audit_2026,2026-09-03T04:00:00+00:00
2026-09-06 09:00:00+00:00,73.0,70.42000691146909,78,4,linear_regression,all,audit_2026,2026-09-03T04:00:00+00:00
2026-09-06 10:00:00+00:00,73.0,70.6696905135591,79,4,linear_regression,all,audit_2026,2026-09-03T04:00:00+00:00
2026-09-06 11:00:00+00:00,73.0,71.91214677126179,80,4,linear_regression,all,audit_2026,2026-09-03T04:00:00+00:00
2026-09-06 12:00:00+00:00,76.0,74.28871873315912,81,4,linear_regression,all,audit_2026,2026-09-03T04:00:00+00:00
2026-09-06 13:00:00+00:00,79.0,77.3936551043499,82,4,linear_regression,all,audit_2026,2026-09-03T04:00:00+00:00
2026-09-06 14:00:00+00:00,81.0,80.47705117709717,83,4,linear_regression,all,audit_2026,2026-09-03T04:00:00+00:00
2026-09-06 15:00:00+00:00,80.0,82.9157272066501,84,4,linear_regression,all,audit_2026,2026-09-03T04:00:00+00:00
2026-09-06 16:00:00+00:00,81.0,84.54729643260396,85,4,linear_regression,all,audit_2026,2026-09-03T04:00:00+00:00
2026-09-06 17:00:00+00:00,81.0,85.58643937345003,86,4,linear_regression,all,audit_2026,2026-09-03T04:00:00+00:00
2026-09-06 18:00:00+00:00,81.0,86.23379680671214,87,4,linear_regression,all,audit_2026,2026-09-03T04:00:00+00:00
2026-09-06 19:00:00+00:00,79.0,86.3725837723289,88,4,linear_regression,all,audit_2026,2026-09-03T04:00:00+00:00
2026-09-06 20:00:00+00:00,80.0,85.65185321087394,89,4,linear_regression,all,audit_2026,2026-09-03T04:00:00+00:00
2026-09-06 21:00:00+00:00,79.0,83.872906889197,90,4,linear_regression,all,audit_2026,2026-09-03T04:00:00+00:00
2026-09-06 22:00:00+00:00,78.0,81.29790251875791,91,4,linear_regression,all,audit_2026,2026-09-03T04:00:00+00:00
2026-09-06 23:00:00+00:00,76.0,78.57254167021685,92,4,linear_regression,all,audit_2026,2026-09-03T04:00:00+00:00
2026-09-07 00:00:00+00:00,74.0,76.32157095577332,93,4,linear_regression,all,audit_2026,2026-09-03T04:00:00+00:00
2026-09-07 01:00:00+00:00,74.0,74.77464143819365,94,4,linear_regression,all,audit_2026,2026-09-03T04:00:00+00:00
2026-09-07 02:00:00+00:00,72.0,73.7406940903932,95,4,linear_regression,all,audit_2026,2026-09-03T04:00:00+00:00
2026-09-07 03:00:00+00:00,71.0,72.8978071428101,96,4,linear_regression,all,audit_2026,2026-09-03T04:00:00+00:00
2026-09-07 04:00:00+00:00,70.0,72.09518933435042,97,5,linear_regression,all,audit_2026,2026-09-03T04:00:00+00:00
2026-09-07 05:00:00+00:00,70.0,71.39298291670892,98,5,linear_regression,all,audit_2026,2026-09-03T04:00:00+00:00
2026-09-07 06:00:00+00:00,71.0,70.86948188475033,99,5,linear_regression,all,audit_2026,2026-09-03T04:00:00+00:00
2026-09-07 07:00:00+00:00,70.0,70.4673504826586,100,5,linear_regression,all,audit_2026,2026-09-03T04:00:00+00:00
2026-09-07 08:00:00+00:00,68.0,70.08482877201128,101,5,linear_regression,all,audit_2026,2026-09-03T04:00:00+00:00
2026-09-07 09:00:00+00:00,65.0,69.82086180620126,102,5,linear_regression,all,audit_2026,2026-09-03T04:00:00+00:00
2026-09-07 10:00:00+00:00,64.0,70.07564798176776,103,5,linear_regression,all,audit_2026,2026-09-03T04:00:00+00:00
2026-09-07 11:00:00+00:00,68.0,71.32267054129076,104,5,linear_regression,all,audit_2026,2026-09-03T04:00:00+00:00
2026-09-07 12:00:00+00:00,72.0,73.70352593070379,105,5,linear_regression,all,audit_2026,2026-09-03T04:00:00+00:00
2026-09-07 13:00:00+00:00,77.0,76.81271605455095,106,5,linear_regression,all,audit_2026,2026-09-03T04:00:00+00:00
2026-09-07 14:00:00+00:00,80.0,79.90057262205366,107,5,linear_regression,all,audit_2026,2026-09-03T04:00:00+00:00
2026-09-07 15:00:00+00:00,82.0,82.34412003493127,108,5,linear_regression,all,audit_2026,2026-09-03T04:00:00+00:00
2026-09-07 16:00:00+00:00,83.0,83.98113008205658,109,5,linear_regression,all,audit_2026,2026-09-03T04:00:00+00:00
2026-09-07 17:00:00+00:00,85.0,85.02638598652776,110,5,linear_regression,all,audit_2026,2026-09-03T04:00:00+00:00
2026-09-07 18:00:00+00:00,86.0,85.6805689255557,111,5,linear_regression,all,audit_2026,2026-09-03T04:00:00+00:00
2026-09-07 19:00:00+00:00,85.0,85.82686981007596,112,5,linear_regression,all,audit_2026,2026-09-03T04:00:00+00:00
2026-09-07 20:00:00+00:00,84.0,85.11425509502057,113,5,linear_regression,all,audit_2026,2026-09-03T04:00:00+00:00
2026-09-07 21:00:00+00:00,85.0,83.34388413095586,114,5,linear_regression,all,audit_2026,2026-09-03T04:00:00+00:00
2026-09-07 22:00:00+00:00,82.0,80.77772652857851,115,5,linear_regression,all,audit_2026,2026-09-03T04:00:00+00:00
2026-09-07 23:00:00+00:00,78.0,78.06126344330467,116,5,linear_regression,all,audit_2026,2026-09-03T04:00:00+00:00
2026-09-08 00:00:00+00:00,75.0,75.81900433995077,117,5,linear_regression,all,audit_2026,2026-09-03T04:00:00+00:00
2026-09-08 01:00:00+00:00,74.0,74.28036313199684,118,5,linear_regression,all,audit_2026,2026-09-03T04:00:00+00:00
2026-09-08 02:00:00+00:00,73.0,73.25406037466763,119,5,linear_regression,all,audit_2026,2026-09-03T04:00:00+00:00
2026-09-08 03:00:00+00:00,71.0,72.41798620262819,120,5,linear_regression,all,audit_2026,2026-09-03T04:00:00+00:00
2026-09-08 04:00:00+00:00,70.0,71.62120695842353,121,6,linear_regression,all,audit_2026,2026-09-03T04:00:00+00:00
2026-09-08 05:00:00+00:00,69.0,70.9237784420492,122,6,linear_regression,all,audit_2026,2026-09-03T04:00:00+00:00
2026-09-08 06:00:00+00:00,69.0,70.40397054838832,123,6,linear_regression,all,audit_2026,2026-09-03T04:00:00+00:00
2026-09-08 07:00:00+00:00,66.0,70.00448789843465,124,6,linear_regression,all,audit_2026,2026-09-03T04:00:00+00:00
2026-09-08 08:00:00+00:00,64.0,69.62367309960608,125,6,linear_regression,all,audit_2026,2026-09-03T04:00:00+00:00
2026-09-08 09:00:00+00:00,63.0,69.3606293323945,126,6,linear_regression,all,audit_2026,2026-09-03T04:00:00+00:00
2026-09-08 10:00:00+00:00,62.0,69.61575828034329,127,6,linear_regression,all,audit_2026,2026-09-03T04:00:00+00:00
2026-09-08 11:00:00+00:00,66.0,70.86277808783153,128,6,linear_regression,all,audit_2026,2026-09-03T04:00:00+00:00
2026-09-08 12:00:00+00:00,72.0,73.24353597342932,129,6,linear_regression,all,audit_2026,2026-09-03T04:00:00+00:00
2026-09-08 13:00:00+00:00,75.0,76.35278361922708,130,6,linear_regression,all,audit_2026,2026-09-03T04:00:00+00:00
2026-09-08 14:00:00+00:00,79.0,79.44108468422452,131,6,linear_regression,all,audit_2026,2026-09-03T04:00:00+00:00
2026-09-08 15:00:00+00:00,81.0,81.88566204719636,132,6,linear_regression,all,audit_2026,2026-09-03T04:00:00+00:00
2026-09-08 16:00:00+00:00,83.0,83.5244391186976,133,6,linear_regression,all,audit_2026,2026-09-03T04:00:00+00:00
2026-09-08 17:00:00+00:00,82.0,84.57229368870539,134,6,linear_regression,all,audit_2026,2026-09-03T04:00:00+00:00
2026-09-08 18:00:00+00:00,85.0,85.22993813420965,135,6,linear_regression,all,audit_2026,2026-09-03T04:00:00+00:00
2026-09-08 19:00:00+00:00,86.0,85.38052921202923,136,6,linear_regression,all,audit_2026,2026-09-03T04:00:00+00:00
2026-09-08 20:00:00+00:00,85.0,84.6729363502036,137,6,linear_regression,all,audit_2026,2026-09-03T04:00:00+00:00
2026-09-08 21:00:00+00:00,85.0,82.90816578497423,138,6,linear_regression,all,audit_2026,2026-09-03T04:00:00+00:00
2026-09-08 22:00:00+00:00,82.0,80.3479885558627,139,6,linear_regression,all,audit_2026,2026-09-03T04:00:00+00:00
2026-09-08 23:00:00+00:00,78.0,77.63765554287308,140,6,linear_regression,all,audit_2026,2026-09-03T04:00:00+00:00
2026-09-09 00:00:00+00:00,75.0,75.40143016761583,141,6,linear_regression,all,audit_2026,2026-09-03T04:00:00+00:00
2026-09-09 01:00:00+00:00,73.0,73.86848156367594,142,6,linear_regression,all,audit_2026,2026-09-03T04:00:00+00:00
2026-09-09 02:00:00+00:00,72.0,72.8473037297883,143,6,linear_regression,all,audit_2026,2026-09-03T04:00:00+00:00
2026-09-09 03:00:00+00:00,71.0,72.01559419424787,144,6,linear_regression,all,audit_2026,2026-09-03T04:00:00+00:00
2026-09-09 04:00:00+00:00,69.0,71.22227405729957,145,7,linear_regression,all,audit_2026,2026-09-03T04:00:00+00:00
2026-09-09 05:00:00+00:00,69.0,70.52731141959576,146,7,linear_regression,all,audit_2026,2026-09-03T04:00:00+00:00
2026-09-09 06:00:00+00:00,67.0,70.0089522616765,147,7,linear_regression,all,audit_2026,2026-09-03T04:00:00+00:00
2026-09-09 07:00:00+00:00,63.0,69.60994294752147,148,7,linear_regression,all,audit_2026,2026-09-03T04:00:00+00:00
2026-09-09 08:00:00+00:00,65.0,69.22873085355225,149,7,linear_regression,all,audit_2026,2026-09-03T04:00:00+00:00
2026-09-09 09:00:00+00:00,63.0,68.96457999491841,150,7,linear_regression,all,audit_2026,2026-09-03T04:00:00+00:00
2026-09-09 10:00:00+00:00,63.0,69.2180981376051,151,7,linear_regression,all,audit_2026,2026-09-03T04:00:00+00:00
2026-09-09 11:00:00+00:00,67.0,70.46324081741206,152,7,linear_regression,all,audit_2026,2026-09-03T04:00:00+00:00
2026-09-09 12:00:00+00:00,73.0,72.84210784502855,153,7,linear_regression,all,audit_2026,2026-09-03T04:00:00+00:00
2026-09-09 13:00:00+00:00,78.0,75.94970151901897,154,7,linear_regression,all,audit_2026,2026-09-03T04:00:00+00:00
2026-09-09 14:00:00+00:00,81.0,79.03681707087395,155,7,linear_regression,all,audit_2026,2026-09-03T04:00:00+00:00
2026-09-09 15:00:00+00:00,84.0,81.48087411775586,156,7,linear_regression,all,audit_2026,2026-09-03T04:00:00+00:00
2026-09-09 16:00:00+00:00,86.0,83.11994454673811,157,7,linear_regression,all,audit_2026,2026-09-03T04:00:00+00:00
2026-09-09 17:00:00+00:00,87.0,84.16899622067639,158,7,linear_regression,all,audit_2026,2026-09-03T04:00:00+00:00
2026-09-09 18:00:00+00:00,87.0,84.82876702965007,159,7,linear_regression,all,audit_2026,2026-09-03T04:00:00+00:00
2026-09-09 19:00:00+00:00,89.0,84.98237294061462,160,7,linear_regression,all,audit_2026,2026-09-03T04:00:00+00:00
2026-09-09 20:00:00+00:00,88.0,84.27857908407056,161,7,linear_regression,all,audit_2026,2026-09-03T04:00:00+00:00
2026-09-09 21:00:00+00:00,87.0,82.51823103931392,162,7,linear_regression,all,audit_2026,2026-09-03T04:00:00+00:00
2026-09-09 22:00:00+00:00,85.0,79.96289384672824,163,7,linear_regression,all,audit_2026,2026-09-03T04:00:00+00:00
2026-09-09 23:00:00+00:00,80.0,77.25758118128583,164,7,linear_regression,all,audit_2026,2026-09-03T04:00:00+00:00
2026-09-10 00:00:00+00:00,79.0,75.02630434443034,165,7,linear_regression,all,audit_2026,2026-09-03T04:00:00+00:00
2026-09-10 01:00:00+00:00,78.0,73.49798276610852,166,7,linear_regression,all,audit_2026,2026-09-03T04:00:00+00:00
2026-09-10 02:00:00+00:00,77.0,72.48088034415463,167,7,linear_regression,all,audit_2026,2026-09-03T04:00:00+00:00
2026-09-10 03:00:00+00:00,76.0,71.65249997150755,168,7,linear_regression,all,audit_2026,2026-09-03T04:00:00+00:00
2026-09-10 04:00:00+00:00,75.0,70.86161702921379,169,8,linear_regression,all,audit_2026,2026-09-03T04:00:00+00:00
2026-09-10 05:00:00+00:00,74.0,70.168112928407,170,8,linear_regression,all,audit_2026,2026-09-03T04:00:00+00:00
2026-09-10 06:00:00+00:00,73.0,69.65021206881703,171,8,linear_regression,all,audit_2026,2026-09-03T04:00:00+00:00
2026-09-10 07:00:00+00:00,73.0,69.25070596504536,172,8,linear_regression,all,audit_2026,2026-09-03T04:00:00+00:00
2026-09-10 08:00:00+00:00,72.0,68.86815092502718,173,8,linear_regression,all,audit_2026,2026-09-03T04:00:00+00:00
2026-09-10 09:00:00+00:00,72.0,68.6019763488234,174,8,linear_regression,all,audit_2026,2026-09-03T04:00:00+00:00
2026-09-10 10:00:00+00:00,71.0,68.85300063280694,175,8,linear_regression,all,audit_2026,2026-09-03T04:00:00+00:00
2026-09-10 11:00:00+00:00,73.0,70.09542086340011,176,8,linear_regression,all,audit_2026,2026-09-03T04:00:00+00:00
2026-09-10 12:00:00+00:00,76.0,72.47159285731848,177,8,linear_regression,all,audit_2026,2026-09-03T04:00:00+00:00
2026-09-10 13:00:00+00:00,81.0,75.57677189576475,178,8,linear_regression,all,audit_2026,2026-09-03T04:00:00+00:00
2026-09-10 14:00:00+00:00,86.0,78.66198587330027,179,8,linear_regression,all,audit_2026,2026-09-03T04:00:00+00:00
2026-09-10 15:00:00+00:00,89.0,81.10485082263138,180,8,linear_regression,all,audit_2026,2026-09-03T04:00:00+00:00
2026-09-10 16:00:00+00:00,93.0,82.74358533248655,181,8,linear_regression,all,audit_2026,2026-09-03T04:00:00+00:00
2026-09-10 17:00:00+00:00,94.0,83.7932441748181,182,8,linear_regression,all,audit_2026,2026-09-03T04:00:00+00:00
2026-09-10 18:00:00+00:00,96.0,84.45458636040296,183,8,linear_regression,all,audit_2026,2026-09-03T04:00:00+00:00
2026-09-10 19:00:00+00:00,94.0,84.6106816917226,184,8,linear_regression,all,audit_2026,2026-09-03T04:00:00+00:00
2026-09-10 20:00:00+00:00,94.0,83.91018496038834,185,8,linear_regression,all,audit_2026,2026-09-03T04:00:00+00:00
2026-09-10 21:00:00+00:00,93.0,82.15377474353129,186,8,linear_regression,all,audit_2026,2026-09-03T04:00:00+00:00
2026-09-10 22:00:00+00:00,90.0,79.60280381865462,187,8,linear_regression,all,audit_2026,2026-09-03T04:00:00+00:00
2026-09-10 23:00:00+00:00,86.0,76.9020428548281,188,8,linear_regression,all,audit_2026,2026-09-03T04:00:00+00:00
2026-09-11 00:00:00+00:00,85.0,74.67524604663862,189,8,linear_regression,all,audit_2026,2026-09-03T04:00:00+00:00
2026-09-11 01:00:00+00:00,83.0,73.15107924505536,190,8,linear_regression,all,audit_2026,2026-09-03T04:00:00+00:00
2026-09-11 02:00:00+00:00,81.0,72.13757370572034,191,8,linear_regression,all,audit_2026,2026-09-03T04:00:00+00:00
2026-09-11 03:00:00+00:00,80.0,71.31203661197158,192,8,linear_regression,all,audit_2026,2026-09-03T04:00:00+00:00
2026-09-11 04:00:00+00:00,79.0,70.52309805267822,193,9,linear_regression,all,audit_2026,2026-09-03T04:00:00+00:00
2026-09-11 05:00:00+00:00,77.0,69.83055461085829,194,9,linear_regression,all,audit_2026,2026-09-03T04:00:00+00:00
2026-09-11 06:00:00+00:00,77.0,69.31261223781998,195,9,linear_regression,all,audit_2026,2026-09-03T04:00:00+00:00
2026-09-11 07:00:00+00:00,76.0,68.91211175343429,196,9,linear_regression,all,audit_2026,2026-09-03T04:00:00+00:00
2026-09-11 08:00:00+00:00,75.0,68.52772325700793,197,9,linear_regression,all,audit_2026,2026-09-03T04:00:00+00:00
2026-09-11 09:00:00+00:00,74.0,68.25904673487364,198,9,linear_regression,all,audit_2026,2026-09-03T04:00:00+00:00
2026-09-11 10:00:00+00:00,74.0,68.50711637112607,199,9,linear_regression,all,audit_2026,2026-09-03T04:00:00+00:00
2026-09-11 11:00:00+00:00,76.0,69.7463755350776,200,9,linear_regression,all,audit_2026,2026-09-03T04:00:00+00:00
2026-09-11 12:00:00+00:00,80.0,72.11944000610481,201,9,linear_regression,all,audit_2026,2026-09-03T04:00:00+00:00
2026-09-11 13:00:00+00:00,84.0,75.22182093284124,202,9,linear_regression,all,audit_2026,2026-09-03T04:00:00+00:00
2026-09-11 14:00:00+00:00,88.0,78.30478046416967,203,9,linear_regression,all,audit_2026,2026-09-03T04:00:00+00:00
2026-09-11 15:00:00+00:00,91.0,80.74613121390593,204,9,linear_regression,all,audit_2026,2026-09-03T04:00:00+00:00
2026-09-11 16:00:00+00:00,92.0,82.38423717864256,205,9,linear_regression,all,audit_2026,2026-09-03T04:00:00+00:00
2026-09-11 17:00:00+00:00,94.0,83.43423735326687,206,9,linear_regression,all,audit_2026,2026-09-03T04:00:00+00:00
2026-09-11 18:00:00+00:00,95.0,84.09690795366697,207,9,linear_regression,all,audit_2026,2026-09-03T04:00:00+00:00
2026-09-11 19:00:00+00:00,97.0,84.25526772049918,208,9,linear_regression,all,audit_2026,2026-09-03T04:00:00+00:00
2026-09-11 20:00:00+00:00,94.0,83.55785554271954,209,9,linear_regression,all,audit_2026,2026-09-03T04:00:00+00:00
2026-09-11 21:00:00+00:00,91.0,81.80517712651773,210,9,linear_regression,all,audit_2026,2026-09-03T04:00:00+00:00
2026-09-11 22:00:00+00:00,88.0,79.25836719542558,211,9,linear_regression,all,audit_2026,2026-09-03T04:00:00+00:00
2026-09-11 23:00:00+00:00,77.0,76.56194807699671,212,9,linear_regression,all,audit_2026,2026-09-03T04:00:00+00:00
2026-09-12 00:00:00+00:00,77.0,74.33941232587364,213,9,linear_regression,all,audit_2026,2026-09-03T04:00:00+00:00
2026-09-12 01:00:00+00:00,74.0,72.81916877607529,214,9,linear_regression,all,audit_2026,2026-09-03T04:00:00+00:00
2026-09-12 02:00:00+00:00,76.0,71.80901391634956,215,9,linear_regression,all,audit_2026,2026-09-03T04:00:00+00:00
2026-09-12 03:00:00+00:00,75.0,70.98605853785332,216,9,linear_regression,all,audit_2026,2026-09-03T04:00:00+00:00
2026-09-12 04:00:00+00:00,75.0,70.1987882276109,217,10,linear_regression,all,audit_2026,2026-09-03T04:00:00+00:00
2026-09-12 05:00:00+00:00,75.0,69.5069169344537,218,10,linear_regression,all,audit_2026,2026-09-03T04:00:00+00:00
2026-09-12 06:00:00+00:00,74.0,68.98863559416702,219,10,linear_regression,all,audit_2026,2026-09-03T04:00:00+00:00
2026-09-12 07:00:00+00:00,74.0,68.58683875512729,220,10,linear_regression,all,audit_2026,2026-09-03T04:00:00+00:00
2026-09-12 08:00:00+00:00,74.0,68.2003154059861,221,10,linear_regression,all,audit_2026,2026-09-03T04:00:00+00:00
2026-09-12 09:00:00+00:00,74.0,67.92884153109117,222,10,linear_regression,all,audit_2026,2026-09-03T04:00:00+00:00
2026-09-12 10:00:00+00:00,74.0,68.17367244612112,223,10,linear_regression,all,audit_2026,2026-09-03T04:00:00+00:00
2026-09-12 11:00:00+00:00,75.0,69.40950270300138,224,10,linear_regression,all,audit_2026,2026-09-03T04:00:00+00:00
2026-09-12 12:00:00+00:00,77.0,71.77921215417686,225,10,linear_regression,all,audit_2026,2026-09-03T04:00:00+00:00
2026-09-12 13:00:00+00:00,78.0,74.87857084625213,226,10,linear_regression,all,audit_2026,2026-09-03T04:00:00+00:00
2026-09-12 14:00:00+00:00,82.0,77.95907691697049,227,10,linear_regression,all,audit_2026,2026-09-03T04:00:00+00:00
2026-09-12 15:00:00+00:00,83.0,80.39873987276927,228,10,linear_regression,all,audit_2026,2026-09-03T04:00:00+00:00
2026-09-12 16:00:00+00:00,85.0,82.03606797726516,229,10,linear_regression,all,audit_2026,2026-09-03T04:00:00+00:00
2026-09-12 17:00:00+00:00,78.0,83.08628192537073,230,10,linear_regression,all,audit_2026,2026-09-03T04:00:00+00:00
2026-09-12 18:00:00+00:00,82.0,83.75017139809746,231,10,linear_regression,all,audit_2026,2026-09-03T04:00:00+00:00
2026-09-12 19:00:00+00:00,80.0,83.91069936554567,232,10,linear_regression,all,audit_2026,2026-09-03T04:00:00+00:00
2026-09-12 20:00:00+00:00,81.0,83.21628345116827,233,10,linear_regression,all,audit_2026,2026-09-03T04:00:00+00:00
2026-09-12 21:00:00+00:00,79.0,81.46725083260014,234,10,linear_regression,all,audit_2026,2026-09-03T04:00:00+00:00
2026-09-12 22:00:00+00:00,78.0,78.92451260649595,235,10,linear_regression,all,audit_2026,2026-09-03T04:00:00+00:00
2026-09-12 23:00:00+00:00,77.0,76.23233764433013,236,10,linear_regression,all,audit_2026,2026-09-03T04:00:00+00:00
2026-09-13 00:00:00+00:00,77.0,74.01395254684213,237,10,linear_regression,all,audit_2026,2026-09-03T04:00:00+00:00
2026-09-13 01:00:00+00:00,76.0,72.49750590526224,238,10,linear_regression,all,audit_2026,2026-09-03T04:00:00+00:00
2026-09-13 02:00:00+00:00,77.0,71.49055751688569,239,10,linear_regression,all,audit_2026,2026-09-03T04:00:00+00:00
2026-09-13 03:00:00+00:00,77.0,70.6700212817012,240,10,linear_regression,all,audit_2026,2026-09-03T04:00:00+00:00
2026-09-13 04:00:00+00:00,77.0,69.88423923846773,241,11,linear_regression,all,audit_2026,2026-09-03T04:00:00+00:00
2026-09-13 05:00:00+00:00,76.0,69.1928450359045,242,11,linear_regression,all,audit_2026,2026-09-03T04:00:00+00:00
2026-09-13 06:00:00+00:00,75.0,68.67401814270475,243,11,linear_regression,all,audit_2026,2026-09-03T04:00:00+00:00
2026-09-13 07:00:00+00:00,75.0,68.27071134975672,244,11,linear_regression,all,audit_2026,2026-09-03T04:00:00+00:00
2026-09-13 08:00:00+00:00,75.0,67.88183770027783,245,11,linear_regression,all,audit_2026,2026-09-03T04:00:00+00:00
2026-09-13 09:00:00+00:00,75.0,67.60735463465532,246,11,linear_regression,all,audit_2026,2026-09-03T04:00:00+00:00
2026-09-13 10:00:00+00:00,75.0,67.84874397304019,247,11,linear_regression,all,audit_2026,2026-09-03T04:00:00+00:00
2026-09-13 11:00:00+00:00,75.0,69.08095636609116,248,11,linear_regression,all,audit_2026,2026-09-03T04:00:00+00:00
2026-09-13 12:00:00+00:00,76.0,71.44713985873258,249,11,linear_regression,all,audit_2026,2026-09-03T04:00:00+00:00
2026-09-13 13:00:00+00:00,78.0,74.5433264331874,250,11,linear_regression,all,audit_2026,2026-09-03T04:00:00+00:00
2026-09-13 14:00:00+00:00,79.0,77.62125196120216,251,11,linear_regression,all,audit_2026,2026-09-03T04:00:00+00:00
2026-09-13 15:00:00+00:00,81.0,80.05912317237795,252,11,linear_regression,all,audit_2026,2026-09-03T04:00:00+00:00
2026-09-13 16:00:00+00:00,83.0,81.69559148810764,253,11,linear_regression,all,audit_2026,2026-09-03T04:00:00+00:00
2026-09-13 17:00:00+00:00,86.0,82.74595682764158,254,11,linear_regression,all,audit_2026,2026-09-03T04:00:00+00:00
2026-09-13 18:00:00+00:00,87.0,83.41101866177625,255,11,linear_regression,all,audit_2026,2026-09-03T04:00:00+00:00
2026-09-13 19:00:00+00:00,88.0,83.57367956380966,256,11,linear_regression,all,audit_2026,2026-09-03T04:00:00+00:00
2026-09-13 20:00:00+00:00,90.0,82.88223062816357,257,11,linear_regression,all,audit_2026,2026-09-03T04:00:00+00:00
2026-09-13 21:00:00+00:00,89.0,81.13681496012387,258,11,linear_regression,all,audit_2026,2026-09-03T04:00:00+00:00
2026-09-13 22:00:00+00:00,87.0,78.5981145813747,259,11,linear_regression,all,audit_2026,2026-09-03T04:00:00+00:00
2026-09-13 23:00:00+00:00,82.0,75.91013992412528,260,11,linear_regression,all,audit_2026,2026-09-03T04:00:00+00:00
2026-09-14 00:00:00+00:00,81.0,73.6958474541502,261,11,linear_regression,all,audit_2026,2026-09-03T04:00:00+00:00
2026-09-14 01:00:00+00:00,80.0,72.18312242316127,262,11,linear_regression,all,audit_2026,2026-09-03T04:00:00+00:00
2026-09-14 02:00:00+00:00,79.0,71.17928613256096,263,11,linear_regression,all,audit_2026,2026-09-03T04:00:00+00:00
2026-09-14 03:00:00+00:00,78.0,70.36105519857593,264,11,linear_regression,all,audit_2026,2026-09-03T04:00:00+00:00
2026-09-14 04:00:00+00:00,77.0,69.57662915401225,265,12,linear_regression,all,audit_2026,2026-09-03T04:00:00+00:00
2026-09-14 05:00:00+00:00,77.0,68.88556374976312,266,12,linear_regression,all,audit_2026,2026-09-03T04:00:00+00:00
2026-09-14 06:00:00+00:00,74.0,68.36603058196721,267,12,linear_regression,all,audit_2026,2026-09-03T04:00:00+00:00
2026-09-14 07:00:00+00:00,75.0,67.96104522184099,268,12,linear_regression,all,audit_2026,2026-09-03T04:00:00+00:00
2026-09-14 08:00:00+00:00,73.0,67.5696499351232,269,12,linear_regression,all,audit_2026,2026-09-03T04:00:00+00:00
2026-09-14 09:00:00+00:00,72.0,67.29198906047856,270,12,linear_regression,all,audit_2026,2026-09-03T04:00:00+00:00
2026-09-14 10:00:00+00:00,71.0,67.52977626483239,271,12,linear_regression,all,audit_2026,2026-09-03T04:00:00+00:00
2026-09-14 11:00:00+00:00,73.0,68.75822317294819,272,12,linear_regression,all,audit_2026,2026-09-03T04:00:00+00:00
2026-09-14 12:00:00+00:00,78.0,71.12075009597021,273,12,linear_regression,all,audit_2026,2026-09-03T04:00:00+00:00
2026-09-14 13:00:00+00:00,84.0,74.2136539442867,274,12,linear_regression,all,audit_2026,2026-09-03T04:00:00+00:00
2026-09-14 14:00:00+00:00,86.0,77.28891002962807,275,12,linear_regression,all,audit_2026,2026-09-03T04:00:00+00:00
2026-09-14 15:00:00+00:00,88.0,79.72492260695905,276,12,linear_regression,all,audit_2026,2026-09-03T04:00:00+00:00
2026-09-14 16:00:00+00:00,88.0,81.36048513274255,277,12,linear_regression,all,audit_2026,2026-09-03T04:00:00+00:00
2026-09-14 17:00:00+00:00,89.0,82.41097427927414,278,12,linear_regression,all,audit_2026,2026-09-03T04:00:00+00:00
2026-09-14 18:00:00+00:00,90.0,83.07719565571789,279,12,linear_regression,all,audit_2026,2026-09-03T04:00:00+00:00
2026-09-14 19:00:00+00:00,89.0,83.24198685603588,280,12,linear_regression,all,audit_2026,2026-09-03T04:00:00+00:00
2026-09-14 20:00:00+00:00,89.0,82.5535072444325,281,12,linear_regression,all,audit_2026,2026-09-03T04:00:00+00:00
2026-09-14 21:00:00+00:00,88.0,80.81171038851511,282,12,linear_regression,all,audit_2026,2026-09-03T04:00:00+00:00
2026-09-14 22:00:00+00:00,84.0,78.27704387781219,283,12,linear_regression,all,audit_2026,2026-09-03T04:00:00+00:00
2026-09-14 23:00:00+00:00,81.0,75.59325482083466,284,12,linear_regression,all,audit_2026,2026-09-03T04:00:00+00:00
2026-09-15 00:00:00+00:00,80.0,73.38302546872639,285,12,linear_regression,all,audit_2026,2026-09-03T04:00:00+00:00
2026-09-15 01:00:00+00:00,78.0,71.8739747355434,286,12,linear_regression,all,audit_2026,2026-09-03T04:00:00+00:00
2026-09-15 02:00:00+00:00,76.0,70.87318371282666,287,12,linear_regression,all,audit_2026,2026-09-03T04:00:00+00:00
2026-09-15 03:00:00+00:00,74.0,70.05717141797756,288,12,linear_regression,all,audit_2026,2026-09-03T04:00:00+00:00
2026-09-15 04:00:00+00:00,71.0,69.27399598076022,289,13,linear_regression,all,audit_2026,2026-09-03T04:00:00+00:00
2026-09-15 05:00:00+00:00,70.0,68.58313769730867,290,13,linear_regression,all,audit_2026,2026-09-03T04:00:00+00:00
2026-09-15 06:00:00+00:00,68.0,68.06276390512897,291,13,linear_regression,all,audit_2026,2026-09-03T04:00:00+00:00
2026-09-15 07:00:00+00:00,67.0,67.65595749141033,292,13,linear_regression,all,audit_2026,2026-09-03T04:00:00+00:00
2026-09-15 08:00:00+00:00,66.0,67.26189508991062,293,13,linear_regression,all,audit_2026,2026-09-03T04:00:00+00:00
2026-09-15 09:00:00+00:00,64.0,66.98091333968932,294,13,linear_regression,all,audit_2026,2026-09-03T04:00:00+00:00
2026-09-15 10:00:00+00:00,63.0,67.2149630427572,295,13,linear_regression,all,audit_2026,2026-09-03T04:00:00+00:00
2026-09-15 11:00:00+00:00,66.0,68.43952161020258,296,13,linear_regression,all,audit_2026,2026-09-03T04:00:00+00:00
2026-09-15 12:00:00+00:00,69.0,70.79828562612455,297,13,linear_regression,all,audit_2026,2026-09-03T04:00:00+00:00
2026-09-15 13:00:00+00:00,74.0,73.88781985630337,298,13,linear_regression,all,audit_2026,2026-09-03T04:00:00+00:00
2026-09-15 14:00:00+00:00,76.0,76.96034070019671,299,13,linear_regression,all,audit_2026,2026-09-03T04:00:00+00:00
2026-09-15 15:00:00+00:00,77.0,79.39445019406483,300,13,linear_regression,all,audit_2026,2026-09-03T04:00:00+00:00
2026-09-15 16:00:00+00:00,77.0,81.02908267647523,301,13,linear_regression,all,audit_2026,2026-09-03T04:00:00+00:00
2026-09-15 17:00:00+00:00,81.0,82.07968909014436,302,13,linear_regression,all,audit_2026,2026-09-03T04:00:00+00:00
2026-09-15 18:00:00+00:00,81.0,82.74707754037883,303,13,linear_regression,all,audit_2026,2026-09-03T04:00:00+00:00
2026-09-15 19:00:00+00:00,82.0,82.91401608915133,304,13,linear_regression,all,audit_2026,2026-09-03T04:00:00+00:00
2026-09-15 20:00:00+00:00,82.0,82.22852721855257,305,13,linear_regression,all,audit_2026,2026-09-03T04:00:00+00:00
2026-09-15 21:00:00+00:00,82.0,80.49036955924487,306,13,linear_regression,all,audit_2026,2026-09-03T04:00:00+00:00
2026-09-15 22:00:00+00:00,78.0,77.95975099043997,307,13,linear_regression,all,audit_2026,2026-09-03T04:00:00+00:00
2026-09-15 23:00:00+00:00,75.0,75.2801504997732,308,13,linear_regression,all,audit_2026,2026-09-03T04:00:00+00:00
2026-09-16 00:00:00+00:00,73.0,73.0739721342585,309,13,linear_regression,all,audit_2026,2026-09-03T04:00:00+00:00
2026-09-16 01:00:00+00:00,71.0,71.56856555968636,310,13,linear_regression,all,audit_2026,2026-09-03T04:00:00+00:00
2026-09-16 02:00:00+00:00,69.0,70.57077002326052,311,13,linear_regression,all,audit_2026,2026-09-03T04:00:00+00:00
2026-09-16 03:00:00+00:00,68.0,69.75690669507861,312,13,linear_regression,all,audit_2026,2026-09-03T04:00:00+00:00
2026-09-16 04:00:00+00:00,68.0,68.97489345443523,313,14,linear_regression,all,audit_2026,2026-09-03T04:00:00+00:00
2026-09-16 05:00:00+00:00,67.0,68.28413761563158,314,14,linear_regression,all,audit_2026,2026-09-03T04:00:00+00:00
2026-09-16 06:00:00+00:00,66.0,67.76280587997482,315,14,linear_regression,all,audit_2026,2026-09-03T04:00:00+00:00
2026-09-16 07:00:00+00:00,64.0,67.3540529733323,316,14,linear_regression,all,audit_2026,2026-09-03T04:00:00+00:00
2026-09-16 08:00:00+00:00,63.0,66.95719500993994,317,14,linear_regression,all,audit_2026,2026-09-03T04:00:00+00:00
2026-09-16 09:00:00+00:00,61.0,66.67276628093938,318,14,linear_regression,all,audit_2026,2026-09-03T04:00:00+00:00
2026-09-16 10:00:00+00:00,61.0,66.90295994780834,319,14,linear_regression,all,audit_2026,2026-09-03T04:00:00+00:00
2026-09-16 11:00:00+00:00,63.0,68.12352394755362,320,14,linear_regression,all,audit_2026,2026-09-03T04:00:00+00:00
2026-09-16 12:00:00+00:00,69.0,70.47843506803113,321,14,linear_regression,all,audit_2026,2026-09-03T04:00:00+00:00
2026-09-16 13:00:00+00:00,73.0,73.5645287840098,322,14,linear_regression,all,audit_2026,2026-09-03T04:00:00+00:00
2026-09-16 14:00:00+00:00,78.0,76.6342641645355,323,14,linear_regression,all,audit_2026,2026-09-03T04:00:00+00:00
2026-09-16 15:00:00+00:00,80.0,79.06644122986823,324,14,linear_regression,all,audit_2026,2026-09-03T04:00:00+00:00
2026-09-16 16:00:00+00:00,82.0,80.70013401117687,325,14,linear_regression,all,audit_2026,2026-09-03T04:00:00+00:00
2026-09-16 17:00:00+00:00,83.0,81.75086522201059,326,14,linear_regression,all,audit_2026,2026-09-03T04:00:00+00:00
2026-09-16 18:00:00+00:00,84.0,82.41944182573928,327,14,linear_regression,all,audit_2026,2026-09-03T04:00:00+00:00
2026-09-16 19:00:00+00:00,86.0,82.5885578250299,328,14,linear_regression,all,audit_2026,2026-09-03T04:00:00+00:00
2026-09-16 20:00:00+00:00,86.0,81.90609371311001,329,14,linear_regression,all,audit_2026,2026-09-03T04:00:00+00:00
2026-09-16 21:00:00+00:00,85.0,80.17160784663922,330,14,linear_regression,all,audit_2026,2026-09-03T04:00:00+00:00
2026-09-16 22:00:00+00:00,83.0,77.6450631916908,331,14,linear_regression,all,audit_2026,2026-09-03T04:00:00+00:00
2026-09-16 23:00:00+00:00,78.0,74.96966590147395,332,14,linear_regression,all,audit_2026,2026-09-03T04:00:00+00:00
2026-09-17 00:00:00+00:00,76.0,72.76753791586151,333,14,linear_regression,all,audit_2026,2026-09-03T04:00:00+00:00
2026-09-17 01:00:00+00:00,72.0,71.26575682548115,334,14,linear_regression,all,audit_2026,2026-09-03T04:00:00+00:00
2026-09-17 02:00:00+00:00,71.0,70.27091847419788,335,14,linear_regression,all,audit_2026,2026-09-03T04:00:00+00:00
2026-09-17 03:00:00+00:00,70.0,69.4591459986507,336,14,linear_regression,all,audit_2026,2026-09-03T04:00:00+00:00
